time,time_start,time_end,posterior,transition_type,value,optimal_split,X1,X1_squared,X2,X2_squared,X3,X3_squared
0,0.0,0.625,x=0.000: 0.200 | x=1.257: 0.200 | x=2.513: 0.200 | x=3.770: 0.200 | x=5.027: 0.200,no information,2.0097833655355184,1.000 -> [x=0.000: 0.200 | x=1.257: 0.200 | x=2.513: 0.200 | x=3.770: 0.200 | x=5.027: 0.200],8.326672684688674e-17,6.933347799794049e-33,0.0,0.0,-2.7755575615628914e-17,7.703719777548943e-34
1,0.625,1.25,x=0.000: 0.200 | x=1.257: 0.200 | x=2.513: 0.200 | x=3.770: 0.200 | x=5.027: 0.200,no information,2.0097833655355184,1.000 -> [x=0.000: 0.200 | x=1.257: 0.200 | x=2.513: 0.200 | x=3.770: 0.200 | x=5.027: 0.200],8.326672684688674e-17,6.933347799794049e-33,0.0,0.0,-2.7755575615628914e-17,7.703719777548943e-34
2,1.25,1.875,x=0.000: 0.200 | x=1.257: 0.200 | x=2.513: 0.200 | x=3.770: 0.200 | x=5.027: 0.200,no information,2.0097833655355184,1.000 -> [x=0.000: 0.200 | x=1.257: 0.200 | x=2.513: 0.200 | x=3.770: 0.200 | x=5.027: 0.200],8.326672684688674e-17,6.933347799794049e-33,0.0,0.0,-2.7755575615628914e-17,7.703719777548943e-34
3,1.875,2.5,x=0.000: 0.200 | x=1.257: 0.200 | x=2.513: 0.200 | x=3.770: 0.200 | x=5.027: 0.200,no information,2.0097833655355184,1.000 -> [x=0.000: 0.200 | x=1.257: 0.200 | x=2.513: 0.200 | x=3.770: 0.200 | x=5.027: 0.200],8.326672684688674e-17,6.933347799794049e-33,0.0,0.0,-2.7755575615628914e-17,7.703719777548943e-34
4,2.5,3.125,x=0.000: 0.200 | x=1.257: 0.200 | x=2.513: 0.200 | x=3.770: 0.200 | x=5.027: 0.200,no information,2.0097833655355184,1.000 -> [x=0.000: 0.200 | x=1.257: 0.200 | x=2.513: 0.200 | x=3.770: 0.200 | x=5.027: 0.200],8.326672684688674e-17,6.933347799794049e-33,0.0,0.0,-2.7755575615628914e-17,7.703719777548943e-34
5,3.125,3.75,x=0.000: 0.200 | x=1.257: 0.200 | x=2.513: 0.200 | x=3.770: 0.200 | x=5.027: 0.200,no information,2.0097833655355184,1.000 -> [x=0.000: 0.200 | x=1.257: 0.200 | x=2.513: 0.200 | x=3.770: 0.200 | x=5.027: 0.200],8.326672684688674e-17,6.933347799794049e-33,0.0,0.0,-2.7755575615628914e-17,7.703719777548943e-34
6,3.75,4.375,x=0.000: 0.200 | x=1.257: 0.200 | x=2.513: 0.200 | x=3.770: 0.200 | x=5.027: 0.200,no information,2.0097833655355184,1.000 -> [x=0.000: 0.200 | x=1.257: 0.200 | x=2.513: 0.200 | x=3.770: 0.200 | x=5.027: 0.200],8.326672684688674e-17,6.933347799794049e-33,0.0,0.0,-2.7755575615628914e-17,7.703719777548943e-34
7,4.375,5.0,x=0.000: 0.200 | x=1.257: 0.200 | x=2.513: 0.200 | x=3.770: 0.200 | x=5.027: 0.200,partial revelation,2.0097833655355184,0.500 -> [x=1.257: 0.200 | x=2.513: 0.400 | x=5.027: 0.400] ; 0.500 -> [x=0.000: 0.400 | x=1.257: 0.200 | x=3.770: 0.400],8.326672684688674e-17,6.933347799794049e-33,0.0,0.0,-2.7755575615628914e-17,7.703719777548943e-34
8,5.0,5.625,x=1.257: 0.200 | x=2.513: 0.400 | x=5.027: 0.400,partial revelation,1.2627323430943935,0.400 -> [x=2.513: 1.000] ; 0.200 -> [x=1.257: 0.200 | x=5.027: 0.800] ; 0.400 -> [x=1.257: 0.400 | x=5.027: 0.600],-0.7823372105976002,0.6120515110856338,0.5101834447767564,0.2602871473242776,-0.11204619495844376,0.012554349804665587
8,5.0,5.625,x=0.000: 0.400 | x=1.257: 0.200 | x=3.770: 0.400,partial revelation,2.5441288306703043,0.200 -> [x=1.257: 1.000] ; 0.400 -> [x=0.000: 0.400 | x=3.770: 0.600] ; 0.400 -> [x=0.000: 0.600 | x=3.770: 0.400],0.7823372105976003,0.612051511085634,-0.5101834447767564,0.2602871473242776,0.1120461949584437,0.012554349804665575
9,5.625,6.25,x=2.513: 1.000,no information,0.12952793376662458,1.000 -> [x=2.513: 1.000],-0.2453445089195333,0.06019392805696695,-0.4398467510711359,0.1934651644278338,-0.3670112803697448,0.13469727991863942
9,5.625,6.25,x=1.257: 0.200 | x=5.027: 0.800,no information,1.0181137432176626,1.000 -> [x=1.257: 0.200 | x=5.027: 0.800],-1.2443665492171405,1.5484481088105742,1.1430702196468265,1.3066095270434444,-0.16758397372810818,0.028084388250503252
9,5.625,6.25,x=1.257: 0.400 | x=5.027: 0.600,no information,1.230304681728864,1.000 -> [x=1.257: 0.400 | x=5.027: 0.600],-1.0883152429658969,1.184430068071919,1.1437702531896137,1.308210392081433,0.1706877798376895,0.029134318185919567
9,5.625,6.25,x=1.257: 1.000,no information,1.2005058860868654,1.000 -> [x=1.257: 1.000],-0.6201613242121661,0.3846000680485874,1.1458703538179755,1.3130188677589325,1.1855030405350824,1.4054174591179251
9,5.625,6.25,x=0.000: 0.400 | x=3.770: 0.600,no information,1.9858417130252346,1.000 -> [x=0.000: 0.400 | x=3.770: 0.600],1.109796891159458,1.2316491396271978,-0.8261941876890841,0.6825968357712257,-0.40752011036021313,0.1660726403480003
9,5.625,6.25,x=0.000: 0.600 | x=3.770: 0.400,no information,1.9560843321227277,1.000 -> [x=0.000: 0.600 | x=3.770: 0.400],1.1561267974406257,1.3366291717603176,-1.0221996011617946,1.0448920246153321,0.09488407748878114,0.009002988160897023
10,6.25,6.875,x=2.513: 1.000,no information,-0.0175526522661512,1.000 -> [x=2.513: 1.000],-0.2453445089195333,0.06019392805696695,-0.4398467510711359,0.1934651644278338,-0.3670112803697448,0.13469727991863942
10,6.25,6.875,x=1.257: 0.200 | x=5.027: 0.800,no information,0.08805647131570937,1.000 -> [x=1.257: 0.200 | x=5.027: 0.800],-1.2443665492171405,1.5484481088105742,1.1430702196468265,1.3066095270434444,-0.16758397372810818,0.028084388250503252
10,6.25,6.875,x=1.257: 0.400 | x=5.027: 0.600,no information,0.39093684785695487,1.000 -> [x=1.257: 0.400 | x=5.027: 0.600],-1.0883152429658969,1.184430068071919,1.1437702531896137,1.308210392081433,0.1706877798376895,0.029134318185919567
10,6.25,6.875,x=1.257: 1.000,no information,0.012677876263872068,1.000 -> [x=1.257: 1.000],-0.6201613242121661,0.3846000680485874,1.1458703538179755,1.3130188677589325,1.1855030405350824,1.4054174591179251
10,6.25,6.875,x=0.000: 0.400 | x=3.770: 0.600,no information,1.3331158656329132,1.000 -> [x=0.000: 0.400 | x=3.770: 0.600],1.109796891159458,1.2316491396271978,-0.8261941876890841,0.6825968357712257,-0.40752011036021313,0.1660726403480003
10,6.25,6.875,x=0.000: 0.600 | x=3.770: 0.400,no information,1.1928914601912481,1.000 -> [x=0.000: 0.600 | x=3.770: 0.400],1.1561267974406257,1.3366291717603176,-1.0221996011617946,1.0448920246153321,0.09488407748878114,0.009002988160897023
11,6.875,7.5,x=2.513: 1.000,no information,-0.12366876049009899,1.000 -> [x=2.513: 1.000],-0.2453445089195333,0.06019392805696695,-0.4398467510711359,0.1934651644278338,-0.3670112803697448,0.13469727991863942
11,6.875,7.5,x=1.257: 0.200 | x=5.027: 0.800,no information,-0.3831533399081746,1.000 -> [x=1.257: 0.200 | x=5.027: 0.800],-1.2443665492171405,1.5484481088105742,1.1430702196468265,1.3066095270434444,-0.16758397372810818,0.028084388250503252
11,6.875,7.5,x=1.257: 0.400 | x=5.027: 0.600,no information,-0.06759800733546391,1.000 -> [x=1.257: 0.400 | x=5.027: 0.600],-1.0883152429658969,1.184430068071919,1.1437702531896137,1.308210392081433,0.1706877798376895,0.029134318185919567
11,6.875,7.5,x=1.257: 1.000,no information,-0.8670256915155897,1.000 -> [x=1.257: 1.000],-0.6201613242121661,0.3846000680485874,1.1458703538179755,1.3130188677589325,1.1855030405350824,1.4054174591179251
11,6.875,7.5,x=0.000: 0.400 | x=3.770: 0.600,no information,1.0218208089036385,1.000 -> [x=0.000: 0.400 | x=3.770: 0.600],1.109796891159458,1.2316491396271978,-0.8261941876890841,0.6825968357712257,-0.40752011036021313,0.1660726403480003
11,6.875,7.5,x=0.000: 0.600 | x=3.770: 0.400,no information,0.8168091640759484,1.000 -> [x=0.000: 0.600 | x=3.770: 0.400],1.1561267974406257,1.3366291717603176,-1.0221996011617946,1.0448920246153321,0.09488407748878114,0.009002988160897023
12,7.5,8.125,x=2.513: 1.000,no information,-0.154493831348104,1.000 -> [x=2.513: 1.000],-0.2453445089195333,0.06019392805696695,-0.4398467510711359,0.1934651644278338,-0.3670112803697448,0.13469727991863942
12,7.5,8.125,x=1.257: 0.200 | x=5.027: 0.800,no information,-0.376583863116234,1.000 -> [x=1.257: 0.200 | x=5.027: 0.800],-1.2443665492171405,1.5484481088105742,1.1430702196468265,1.3066095270434444,-0.16758397372810818,0.028084388250503252
12,7.5,8.125,x=1.257: 0.400 | x=5.027: 0.600,no information,-0.09356692599698169,1.000 -> [x=1.257: 0.400 | x=5.027: 0.600],-1.0883152429658969,1.184430068071919,1.1437702531896137,1.308210392081433,0.1706877798376895,0.029134318185919567
12,7.5,8.125,x=1.257: 1.000,no information,-1.1416457245364107,1.000 -> [x=1.257: 1.000],-0.6201613242121661,0.3846000680485874,1.1458703538179755,1.3130188677589325,1.1855030405350824,1.4054174591179251
12,7.5,8.125,x=0.000: 0.400 | x=3.770: 0.600,no information,1.043192464882949,1.000 -> [x=0.000: 0.400 | x=3.770: 0.600],1.109796891159458,1.2316491396271978,-0.8261941876890841,0.6825968357712257,-0.40752011036021313,0.1660726403480003
12,7.5,8.125,x=0.000: 0.600 | x=3.770: 0.400,no information,0.8325081851721894,1.000 -> [x=0.000: 0.600 | x=3.770: 0.400],1.1561267974406257,1.3366291717603176,-1.0221996011617946,1.0448920246153321,0.09488407748878114,0.009002988160897023
13,8.125,8.75,x=2.513: 1.000,no information,-0.13752687386919193,1.000 -> [x=2.513: 1.000],-0.2453445089195333,0.06019392805696695,-0.4398467510711359,0.1934651644278338,-0.3670112803697448,0.13469727991863942
13,8.125,8.75,x=1.257: 0.200 | x=5.027: 0.800,no information,0.10715562697918712,1.000 -> [x=1.257: 0.200 | x=5.027: 0.800],-1.2443665492171405,1.5484481088105742,1.1430702196468265,1.3066095270434444,-0.16758397372810818,0.028084388250503252
13,8.125,8.75,x=1.257: 0.400 | x=5.027: 0.600,no information,0.2736191657044251,1.000 -> [x=1.257: 0.400 | x=5.027: 0.600],-1.0883152429658969,1.184430068071919,1.1437702531896137,1.308210392081433,0.1706877798376895,0.029134318185919567
13,8.125,8.75,x=1.257: 1.000,no information,-1.0361500910244996,1.000 -> [x=1.257: 1.000],-0.6201613242121661,0.3846000680485874,1.1458703538179755,1.3130188677589325,1.1855030405350824,1.4054174591179251
13,8.125,8.75,x=0.000: 0.400 | x=3.770: 0.600,no information,1.43061584101376,1.000 -> [x=0.000: 0.400 | x=3.770: 0.600],1.109796891159458,1.2316491396271978,-0.8261941876890841,0.6825968357712257,-0.40752011036021313,0.1660726403480003
13,8.125,8.75,x=0.000: 0.600 | x=3.770: 0.400,no information,1.250889841775742,1.000 -> [x=0.000: 0.600 | x=3.770: 0.400],1.1561267974406257,1.3366291717603176,-1.0221996011617946,1.0448920246153321,0.09488407748878114,0.009002988160897023
14,8.75,9.375,x=2.513: 1.000,no information,-0.09669844540294374,1.000 -> [x=2.513: 1.000],-0.2453445089195333,0.06019392805696695,-0.4398467510711359,0.1934651644278338,-0.3670112803697448,0.13469727991863942
14,8.75,9.375,x=1.257: 0.200 | x=5.027: 0.800,no information,0.9376222392652125,1.000 -> [x=1.257: 0.200 | x=5.027: 0.800],-1.2443665492171405,1.5484481088105742,1.1430702196468265,1.3066095270434444,-0.16758397372810818,0.028084388250503252
14,8.75,9.375,x=1.257: 0.400 | x=5.027: 0.600,no information,0.929200750496828,1.000 -> [x=1.257: 0.400 | x=5.027: 0.600],-1.0883152429658969,1.184430068071919,1.1437702531896137,1.308210392081433,0.1706877798376895,0.029134318185919567
14,8.75,9.375,x=1.257: 1.000,no information,-0.7737889292404911,1.000 -> [x=1.257: 1.000],-0.6201613242121661,0.3846000680485874,1.1458703538179755,1.3130188677589325,1.1855030405350824,1.4054174591179251
14,8.75,9.375,x=0.000: 0.400 | x=3.770: 0.600,no information,2.066668139393424,1.000 -> [x=0.000: 0.400 | x=3.770: 0.600],1.109796891159458,1.2316491396271978,-0.8261941876890841,0.6825968357712257,-0.40752011036021313,0.1660726403480003
14,8.75,9.375,x=0.000: 0.600 | x=3.770: 0.400,no information,1.9623721690247375,1.000 -> [x=0.000: 0.600 | x=3.770: 0.400],1.1561267974406257,1.3366291717603176,-1.0221996011617946,1.0448920246153321,0.09488407748878114,0.009002988160897023
15,9.375,10.0,x=2.513: 1.000,no information,-0.03155444144983449,1.000 -> [x=2.513: 1.000],-0.2453445089195333,0.06019392805696695,-0.4398467510711359,0.1934651644278338,-0.3670112803697448,0.13469727991863942
15,9.375,10.0,x=1.257: 0.200 | x=5.027: 0.800,no information,1.6238506882761659,1.000 -> [x=1.257: 0.200 | x=5.027: 0.800],-1.2443665492171405,1.5484481088105742,1.1430702196468265,1.3066095270434444,-0.16758397372810818,0.028084388250503252
15,9.375,10.0,x=1.257: 0.400 | x=5.027: 0.600,no information,1.5405003469150877,1.000 -> [x=1.257: 0.400 | x=5.027: 0.600],-1.0883152429658969,1.184430068071919,1.1437702531896137,1.308210392081433,0.1706877798376895,0.029134318185919567
15,9.375,10.0,x=1.257: 1.000,no information,-0.3421056265829816,1.000 -> [x=1.257: 1.000],-0.6201613242121661,0.3846000680485874,1.1458703538179755,1.3130188677589325,1.1855030405350824,1.4054174591179251
15,9.375,10.0,x=0.000: 0.400 | x=3.770: 0.600,no information,2.5109931474869067,1.000 -> [x=0.000: 0.400 | x=3.770: 0.600],1.109796891159458,1.2316491396271978,-0.8261941876890841,0.6825968357712257,-0.40752011036021313,0.1660726403480003
15,9.375,10.0,x=0.000: 0.600 | x=3.770: 0.400,no information,2.5316574108877434,1.000 -> [x=0.000: 0.600 | x=3.770: 0.400],1.1561267974406257,1.3366291717603176,-1.0221996011617946,1.0448920246153321,0.09488407748878114,0.009002988160897023
16,10.0,10.625,x=2.513: 1.000,no information,0.05001379821288841,1.000 -> [x=2.513: 1.000],-0.2453445089195333,0.06019392805696695,-0.4398467510711359,0.1934651644278338,-0.3670112803697448,0.13469727991863942
16,10.0,10.625,x=1.257: 0.200 | x=5.027: 0.800,no information,1.7316682819111597,1.000 -> [x=1.257: 0.200 | x=5.027: 0.800],-1.2443665492171405,1.5484481088105742,1.1430702196468265,1.3066095270434444,-0.16758397372810818,0.028084388250503252
16,10.0,10.625,x=1.257: 0.400 | x=5.027: 0.600,no information,1.758288581137668,1.000 -> [x=1.257: 0.400 | x=5.027: 0.600],-1.0883152429658969,1.184430068071919,1.1437702531896137,1.308210392081433,0.1706877798376895,0.029134318185919567
16,10.0,10.625,x=1.257: 1.000,no information,0.27474843050872777,1.000 -> [x=1.257: 1.000],-0.6201613242121661,0.3846000680485874,1.1458703538179755,1.3130188677589325,1.1855030405350824,1.4054174591179251
16,10.0,10.625,x=0.000: 0.400 | x=3.770: 0.600,no information,2.457851802842234,1.000 -> [x=0.000: 0.400 | x=3.770: 0.600],1.109796891159458,1.2316491396271978,-0.8261941876890841,0.6825968357712257,-0.40752011036021313,0.1660726403480003
16,10.0,10.625,x=0.000: 0.600 | x=3.770: 0.400,no information,2.586854620910268,1.000 -> [x=0.000: 0.600 | x=3.770: 0.400],1.1561267974406257,1.3366291717603176,-1.0221996011617946,1.0448920246153321,0.09488407748878114,0.009002988160897023
17,10.625,11.25,x=2.513: 1.000,no information,0.11184840056104946,1.000 -> [x=2.513: 1.000],-0.2453445089195333,0.06019392805696695,-0.4398467510711359,0.1934651644278338,-0.3670112803697448,0.13469727991863942
17,10.625,11.25,x=1.257: 0.200 | x=5.027: 0.800,no information,1.3196814041954759,1.000 -> [x=1.257: 0.200 | x=5.027: 0.800],-1.2443665492171405,1.5484481088105742,1.1430702196468265,1.3066095270434444,-0.16758397372810818,0.028084388250503252
17,10.625,11.25,x=1.257: 0.400 | x=5.027: 0.600,no information,1.5197003982293498,1.000 -> [x=1.257: 0.400 | x=5.027: 0.600],-1.0883152429658969,1.184430068071919,1.1437702531896137,1.308210392081433,0.1706877798376895,0.029134318185919567
17,10.625,11.25,x=1.257: 1.000,no information,0.8661989644286658,1.000 -> [x=1.257: 1.000],-0.6201613242121661,0.3846000680485874,1.1458703538179755,1.3130188677589325,1.1855030405350824,1.4054174591179251
17,10.625,11.25,x=0.000: 0.400 | x=3.770: 0.600,no information,2.091555898371935,1.000 -> [x=0.000: 0.400 | x=3.770: 0.600],1.109796891159458,1.2316491396271978,-0.8261941876890841,0.6825968357712257,-0.40752011036021313,0.1660726403480003
17,10.625,11.25,x=0.000: 0.600 | x=3.770: 0.400,no information,2.2063478719987284,1.000 -> [x=0.000: 0.600 | x=3.770: 0.400],1.1561267974406257,1.3366291717603176,-1.0221996011617946,1.0448920246153321,0.09488407748878114,0.009002988160897023
18,11.25,11.875,x=2.513: 1.000,no information,0.11799582642762965,1.000 -> [x=2.513: 1.000],-0.2453445089195333,0.06019392805696695,-0.4398467510711359,0.1934651644278338,-0.3670112803697448,0.13469727991863942
18,11.25,11.875,x=1.257: 0.200 | x=5.027: 0.800,no information,0.6927022811006152,1.000 -> [x=1.257: 0.200 | x=5.027: 0.800],-1.2443665492171405,1.5484481088105742,1.1430702196468265,1.3066095270434444,-0.16758397372810818,0.028084388250503252
18,11.25,11.875,x=1.257: 0.400 | x=5.027: 0.600,no information,0.9858423247739496,1.000 -> [x=1.257: 0.400 | x=5.027: 0.600],-1.0883152429658969,1.184430068071919,1.1437702531896137,1.308210392081433,0.1706877798376895,0.029134318185919567
18,11.25,11.875,x=1.257: 1.000,no information,1.1240157621133007,1.000 -> [x=1.257: 1.000],-0.6201613242121661,0.3846000680485874,1.1458703538179755,1.3130188677589325,1.1855030405350824,1.4054174591179251
18,11.25,11.875,x=0.000: 0.400 | x=3.770: 0.600,no information,1.7207659665767236,1.000 -> [x=0.000: 0.400 | x=3.770: 0.600],1.109796891159458,1.2316491396271978,-0.8261941876890841,0.6825968357712257,-0.40752011036021313,0.1660726403480003
18,11.25,11.875,x=0.000: 0.600 | x=3.770: 0.400,no information,1.6740865970593939,1.000 -> [x=0.000: 0.600 | x=3.770: 0.400],1.1561267974406257,1.3366291717603176,-1.0221996011617946,1.0448920246153321,0.09488407748878114,0.009002988160897023
19,11.875,12.5,x=2.513: 1.000,no information,0.0719478869853607,1.000 -> [x=2.513: 1.000],-0.2453445089195333,0.06019392805696695,-0.4398467510711359,0.1934651644278338,-0.3670112803697448,0.13469727991863942
19,11.875,12.5,x=1.257: 0.200 | x=5.027: 0.800,no information,0.09801885198497096,1.000 -> [x=1.257: 0.200 | x=5.027: 0.800],-1.2443665492171405,1.5484481088105742,1.1430702196468265,1.3066095270434444,-0.16758397372810818,0.028084388250503252
19,11.875,12.5,x=1.257: 0.400 | x=5.027: 0.600,no information,0.4055094523630612,1.000 -> [x=1.257: 0.400 | x=5.027: 0.600],-1.0883152429658969,1.184430068071919,1.1437702531896137,1.308210392081433,0.1706877798376895,0.029134318185919567
19,11.875,12.5,x=1.257: 1.000,no information,0.944791700205778,1.000 -> [x=1.257: 1.000],-0.6201613242121661,0.3846000680485874,1.1458703538179755,1.3130188677589325,1.1855030405350824,1.4054174591179251
19,11.875,12.5,x=0.000: 0.400 | x=3.770: 0.600,no information,1.4337718464645994,1.000 -> [x=0.000: 0.400 | x=3.770: 0.600],1.109796891159458,1.2316491396271978,-0.8261941876890841,0.6825968357712257,-0.40752011036021313,0.1660726403480003
19,11.875,12.5,x=0.000: 0.600 | x=3.770: 0.400,no information,1.1909162304744947,1.000 -> [x=0.000: 0.600 | x=3.770: 0.400],1.1561267974406257,1.3366291717603176,-1.0221996011617946,1.0448920246153321,0.09488407748878114,0.009002988160897023
20,12.5,13.125,x=2.513: 1.000,no information,0.011759124538114077,1.000 -> [x=2.513: 1.000],-0.2453445089195333,0.06019392805696695,-0.4398467510711359,0.1934651644278338,-0.3670112803697448,0.13469727991863942
20,12.5,13.125,x=1.257: 0.200 | x=5.027: 0.800,no information,-0.14776736334455032,1.000 -> [x=1.257: 0.200 | x=5.027: 0.800],-1.2443665492171405,1.5484481088105742,1.1430702196468265,1.3066095270434444,-0.16758397372810818,0.028084388250503252
20,12.5,13.125,x=1.257: 0.400 | x=5.027: 0.600,no information,0.12815526088335116,1.000 -> [x=1.257: 0.400 | x=5.027: 0.600],-1.0883152429658969,1.184430068071919,1.1437702531896137,1.308210392081433,0.1706877798376895,0.029134318185919567
20,12.5,13.125,x=1.257: 1.000,no information,0.4989525022878939,1.000 -> [x=1.257: 1.000],-0.6201613242121661,0.3846000680485874,1.1458703538179755,1.3130188677589325,1.1855030405350824,1.4054174591179251
20,12.5,13.125,x=0.000: 0.400 | x=3.770: 0.600,no information,1.3305226406442658,1.000 -> [x=0.000: 0.400 | x=3.770: 0.600],1.109796891159458,1.2316491396271978,-0.8261941876890841,0.6825968357712257,-0.40752011036021313,0.1660726403480003
20,12.5,13.125,x=0.000: 0.600 | x=3.770: 0.400,no information,1.0037121269073483,1.000 -> [x=0.000: 0.600 | x=3.770: 0.400],1.1561267974406257,1.3366291717603176,-1.0221996011617946,1.0448920246153321,0.09488407748878114,0.009002988160897023
21,13.125,13.75,x=2.513: 1.000,no information,-0.032541574995524014,1.000 -> [x=2.513: 1.000],-0.2453445089195333,0.06019392805696695,-0.4398467510711359,0.1934651644278338,-0.3670112803697448,0.13469727991863942
21,13.125,13.75,x=1.257: 0.200 | x=5.027: 0.800,no information,0.22477254109338685,1.000 -> [x=1.257: 0.200 | x=5.027: 0.800],-1.2443665492171405,1.5484481088105742,1.1430702196468265,1.3066095270434444,-0.16758397372810818,0.028084388250503252
21,13.125,13.75,x=1.257: 0.400 | x=5.027: 0.600,no information,0.3848743418624704,1.000 -> [x=1.257: 0.400 | x=5.027: 0.600],-1.0883152429658969,1.184430068071919,1.1437702531896137,1.308210392081433,0.1706877798376895,0.029134318185919567
21,13.125,13.75,x=1.257: 1.000,no information,0.01798648981149309,1.000 -> [x=1.257: 1.000],-0.6201613242121661,0.3846000680485874,1.1458703538179755,1.3130188677589325,1.1855030405350824,1.4054174591179251
21,13.125,13.75,x=0.000: 0.400 | x=3.770: 0.600,no information,1.6058243559948941,1.000 -> [x=0.000: 0.400 | x=3.770: 0.600],1.109796891159458,1.2316491396271978,-0.8261941876890841,0.6825968357712257,-0.40752011036021313,0.1660726403480003
21,13.125,13.75,x=0.000: 0.600 | x=3.770: 0.400,no information,1.3375159180646317,1.000 -> [x=0.000: 0.600 | x=3.770: 0.400],1.1561267974406257,1.3366291717603176,-1.0221996011617946,1.0448920246153321,0.09488407748878114,0.009002988160897023
22,13.75,14.375,x=2.513: 1.000,no information,-0.05714586937288369,1.000 -> [x=2.513: 1.000],-0.2453445089195333,0.06019392805696695,-0.4398467510711359,0.1934651644278338,-0.3670112803697448,0.13469727991863942
22,13.75,14.375,x=1.257: 0.200 | x=5.027: 0.800,no information,0.9437885599491556,1.000 -> [x=1.257: 0.200 | x=5.027: 0.800],-1.2443665492171405,1.5484481088105742,1.1430702196468265,1.3066095270434444,-0.16758397372810818,0.028084388250503252
22,13.75,14.375,x=1.257: 0.400 | x=5.027: 0.600,no information,0.9297054878392539,1.000 -> [x=1.257: 0.400 | x=5.027: 0.600],-1.0883152429658969,1.184430068071919,1.1437702531896137,1.308210392081433,0.1706877798376895,0.029134318185919567
22,13.75,14.375,x=1.257: 1.000,no information,-0.3499158844976512,1.000 -> [x=1.257: 1.000],-0.6201613242121661,0.3846000680485874,1.1458703538179755,1.3130188677589325,1.1855030405350824,1.4054174591179251
22,13.75,14.375,x=0.000: 0.400 | x=3.770: 0.600,no information,2.1248362672531487,1.000 -> [x=0.000: 0.400 | x=3.770: 0.600],1.109796891159458,1.2316491396271978,-0.8261941876890841,0.6825968357712257,-0.40752011036021313,0.1660726403480003
22,13.75,14.375,x=0.000: 0.600 | x=3.770: 0.400,no information,1.9646451557071731,1.000 -> [x=0.000: 0.600 | x=3.770: 0.400],1.1561267974406257,1.3366291717603176,-1.0221996011617946,1.0448920246153321,0.09488407748878114,0.009002988160897023
23,14.375,15.0,x=2.513: 1.000,no information,-0.0583839739200548,1.000 -> [x=2.513: 1.000],-0.2453445089195333,0.06019392805696695,-0.4398467510711359,0.1934651644278338,-0.3670112803697448,0.13469727991863942
23,14.375,15.0,x=1.257: 0.200 | x=5.027: 0.800,no information,1.3585463136356355,1.000 -> [x=1.257: 0.200 | x=5.027: 0.800],-1.2443665492171405,1.5484481088105742,1.1430702196468265,1.3066095270434444,-0.16758397372810818,0.028084388250503252
23,14.375,15.0,x=1.257: 0.400 | x=5.027: 0.600,no information,1.270215423685294,1.000 -> [x=1.257: 0.400 | x=5.027: 0.600],-1.0883152429658969,1.184430068071919,1.1437702531896137,1.308210392081433,0.1706877798376895,0.029134318185919567
23,14.375,15.0,x=1.257: 1.000,no information,-0.46934776389181115,1.000 -> [x=1.257: 1.000],-0.6201613242121661,0.3846000680485874,1.1458703538179755,1.3130188677589325,1.1855030405350824,1.4054174591179251
23,14.375,15.0,x=0.000: 0.400 | x=3.770: 0.600,no information,2.3949025268377384,1.000 -> [x=0.000: 0.400 | x=3.770: 0.600],1.109796891159458,1.2316491396271978,-0.8261941876890841,0.6825968357712257,-0.40752011036021313,0.1660726403480003
23,14.375,15.0,x=0.000: 0.600 | x=3.770: 0.400,no information,2.319265187232,1.000 -> [x=0.000: 0.600 | x=3.770: 0.400],1.1561267974406257,1.3366291717603176,-1.0221996011617946,1.0448920246153321,0.09488407748878114,0.009002988160897023
24,15.0,15.625,x=2.513: 1.000,no information,-0.023309081313852446,1.000 -> [x=2.513: 1.000],-0.2453445089195333,0.06019392805696695,-0.4398467510711359,0.1934651644278338,-0.3670112803697448,0.13469727991863942
24,15.0,15.625,x=1.257: 0.200 | x=5.027: 0.800,no information,1.2857169868809712,1.000 -> [x=1.257: 0.200 | x=5.027: 0.800],-1.2443665492171405,1.5484481088105742,1.1430702196468265,1.3066095270434444,-0.16758397372810818,0.028084388250503252
24,15.0,15.625,x=1.257: 0.400 | x=5.027: 0.600,no information,1.308199155907946,1.000 -> [x=1.257: 0.400 | x=5.027: 0.600],-1.0883152429658969,1.184430068071919,1.1437702531896137,1.308210392081433,0.1706877798376895,0.029134318185919567
24,15.0,15.625,x=1.257: 1.000,no information,-0.24438869233032126,1.000 -> [x=1.257: 1.000],-0.6201613242121661,0.3846000680485874,1.1458703538179755,1.3130188677589325,1.1855030405350824,1.4054174591179251
24,15.0,15.625,x=0.000: 0.400 | x=3.770: 0.600,no information,2.222420570081804,1.000 -> [x=0.000: 0.400 | x=3.770: 0.600],1.109796891159458,1.2316491396271978,-0.8261941876890841,0.6825968357712257,-0.40752011036021313,0.1660726403480003
24,15.0,15.625,x=0.000: 0.600 | x=3.770: 0.400,no information,2.2317647876758633,1.000 -> [x=0.000: 0.600 | x=3.770: 0.400],1.1561267974406257,1.3366291717603176,-1.0221996011617946,1.0448920246153321,0.09488407748878114,0.009002988160897023
25,15.625,16.25,x=2.513: 1.000,no information,0.03180805080944396,1.000 -> [x=2.513: 1.000],-0.2453445089195333,0.06019392805696695,-0.4398467510711359,0.1934651644278338,-0.3670112803697448,0.13469727991863942
25,15.625,16.25,x=1.257: 0.200 | x=5.027: 0.800,no information,1.109328459587744,1.000 -> [x=1.257: 0.200 | x=5.027: 0.800],-1.2443665492171405,1.5484481088105742,1.1430702196468265,1.3066095270434444,-0.16758397372810818,0.028084388250503252
25,15.625,16.25,x=1.257: 0.400 | x=5.027: 0.600,no information,1.306391699173423,1.000 -> [x=1.257: 0.400 | x=5.027: 0.600],-1.0883152429658969,1.184430068071919,1.1437702531896137,1.308210392081433,0.1706877798376895,0.029134318185919567
25,15.625,16.25,x=1.257: 1.000,no information,0.14287021156988608,1.000 -> [x=1.257: 1.000],-0.6201613242121661,0.3846000680485874,1.1458703538179755,1.3130188677589325,1.1855030405350824,1.4054174591179251
25,15.625,16.25,x=0.000: 0.400 | x=3.770: 0.600,no information,1.928889200613935,1.000 -> [x=0.000: 0.400 | x=3.770: 0.600],1.109796891159458,1.2316491396271978,-0.8261941876890841,0.6825968357712257,-0.40752011036021313,0.1660726403480003
25,15.625,16.25,x=0.000: 0.600 | x=3.770: 0.400,no information,2.0436835614677835,1.000 -> [x=0.000: 0.600 | x=3.770: 0.400],1.1561267974406257,1.3366291717603176,-1.0221996011617946,1.0448920246153321,0.09488407748878114,0.009002988160897023
26,16.25,16.875,x=2.513: 1.000,no information,0.05094386833268551,1.000 -> [x=2.513: 1.000],-0.2453445089195333,0.06019392805696695,-0.4398467510711359,0.1934651644278338,-0.3670112803697448,0.13469727991863942
26,16.25,16.875,x=1.257: 0.200 | x=5.027: 0.800,no information,0.9618337784514062,1.000 -> [x=1.257: 0.200 | x=5.027: 0.800],-1.2443665492171405,1.5484481088105742,1.1430702196468265,1.3066095270434444,-0.16758397372810818,0.028084388250503252
26,16.25,16.875,x=1.257: 0.400 | x=5.027: 0.600,no information,1.2533716281637297,1.000 -> [x=1.257: 0.400 | x=5.027: 0.600],-1.0883152429658969,1.184430068071919,1.1437702531896137,1.308210392081433,0.1706877798376895,0.029134318185919567
26,16.25,16.875,x=1.257: 1.000,no information,0.26849846061987537,1.000 -> [x=1.257: 1.000],-0.6201613242121661,0.3846000680485874,1.1458703538179755,1.3130188677589325,1.1855030405350824,1.4054174591179251
26,16.25,16.875,x=0.000: 0.400 | x=3.770: 0.600,no information,1.739247044524471,1.000 -> [x=0.000: 0.400 | x=3.770: 0.600],1.109796891159458,1.2316491396271978,-0.8261941876890841,0.6825968357712257,-0.40752011036021313,0.1660726403480003
26,16.25,16.875,x=0.000: 0.600 | x=3.770: 0.400,no information,1.900573930493934,1.000 -> [x=0.000: 0.600 | x=3.770: 0.400],1.1561267974406257,1.3366291717603176,-1.0221996011617946,1.0448920246153321,0.09488407748878114,0.009002988160897023
27,16.875,17.5,x=2.513: 1.000,no information,0.009132619919838006,1.000 -> [x=2.513: 1.000],-0.2453445089195333,0.06019392805696695,-0.4398467510711359,0.1934651644278338,-0.3670112803697448,0.13469727991863942
27,16.875,17.5,x=1.257: 0.200 | x=5.027: 0.800,no information,0.593231778568037,1.000 -> [x=1.257: 0.200 | x=5.027: 0.800],-1.2443665492171405,1.5484481088105742,1.1430702196468265,1.3066095270434444,-0.16758397372810818,0.028084388250503252
27,16.875,17.5,x=1.257: 0.400 | x=5.027: 0.600,no information,0.9003870801982923,1.000 -> [x=1.257: 0.400 | x=5.027: 0.600],-1.0883152429658969,1.184430068071919,1.1437702531896137,1.308210392081433,0.1706877798376895,0.029134318185919567
27,16.875,17.5,x=1.257: 1.000,no information,0.005952885150698639,1.000 -> [x=1.257: 1.000],-0.6201613242121661,0.3846000680485874,1.1458703538179755,1.3130188677589325,1.1855030405350824,1.4054174591179251
27,16.875,17.5,x=0.000: 0.400 | x=3.770: 0.600,no information,1.5343847692896244,1.000 -> [x=0.000: 0.400 | x=3.770: 0.600],1.109796891159458,1.2316491396271978,-0.8261941876890841,0.6825968357712257,-0.40752011036021313,0.1660726403480003
27,16.875,17.5,x=0.000: 0.600 | x=3.770: 0.400,no information,1.6009440158215058,1.000 -> [x=0.000: 0.600 | x=3.770: 0.400],1.1561267974406257,1.3366291717603176,-1.0221996011617946,1.0448920246153321,0.09488407748878114,0.009002988160897023
28,17.5,18.125,x=2.513: 1.000,no information,-0.03489097470620081,1.000 -> [x=2.513: 1.000],-0.2453445089195333,0.06019392805696695,-0.4398467510711359,0.1934651644278338,-0.3670112803697448,0.13469727991863942
28,17.5,18.125,x=1.257: 0.200 | x=5.027: 0.800,no information,0.18243212144729726,1.000 -> [x=1.257: 0.200 | x=5.027: 0.800],-1.2443665492171405,1.5484481088105742,1.1430702196468265,1.3066095270434444,-0.16758397372810818,0.028084388250503252
28,17.5,18.125,x=1.257: 0.400 | x=5.027: 0.600,no information,0.4593504603869888,1.000 -> [x=1.257: 0.400 | x=5.027: 0.600],-1.0883152429658969,1.184430068071919,1.1437702531896137,1.308210392081433,0.1706877798376895,0.029134318185919567
28,17.5,18.125,x=1.257: 1.000,no information,-0.17944041244118653,1.000 -> [x=1.257: 1.000],-0.6201613242121661,0.3846000680485874,1.1458703538179755,1.3130188677589325,1.1855030405350824,1.4054174591179251
28,17.5,18.125,x=0.000: 0.400 | x=3.770: 0.600,no information,1.389949645417772,1.000 -> [x=0.000: 0.400 | x=3.770: 0.600],1.109796891159458,1.2316491396271978,-0.8261941876890841,0.6825968357712257,-0.40752011036021313,0.1660726403480003
28,17.5,18.125,x=0.000: 0.600 | x=3.770: 0.400,no information,1.2773240904825047,1.000 -> [x=0.000: 0.600 | x=3.770: 0.400],1.1561267974406257,1.3366291717603176,-1.0221996011617946,1.0448920246153321,0.09488407748878114,0.009002988160897023
29,18.125,18.75,x=2.513: 1.000,no information,-0.011985660584042601,1.000 -> [x=2.513: 1.000],-0.2453445089195333,0.06019392805696695,-0.4398467510711359,0.1934651644278338,-0.3670112803697448,0.13469727991863942
29,18.125,18.75,x=1.257: 0.200 | x=5.027: 0.800,no information,0.3334813978912079,1.000 -> [x=1.257: 0.200 | x=5.027: 0.800],-1.2443665492171405,1.5484481088105742,1.1430702196468265,1.3066095270434444,-0.16758397372810818,0.028084388250503252
29,18.125,18.75,x=1.257: 0.400 | x=5.027: 0.600,no information,0.4963028550195977,1.000 -> [x=1.257: 0.400 | x=5.027: 0.600],-1.0883152429658969,1.184430068071919,1.1437702531896137,1.308210392081433,0.1706877798376895,0.029134318185919567
29,18.125,18.75,x=1.257: 1.000,no information,0.16999371306810274,1.000 -> [x=1.257: 1.000],-0.6201613242121661,0.3846000680485874,1.1458703538179755,1.3130188677589325,1.1855030405350824,1.4054174591179251
29,18.125,18.75,x=0.000: 0.400 | x=3.770: 0.600,no information,1.6634574046592783,1.000 -> [x=0.000: 0.400 | x=3.770: 0.600],1.109796891159458,1.2316491396271978,-0.8261941876890841,0.6825968357712257,-0.40752011036021313,0.1660726403480003
29,18.125,18.75,x=0.000: 0.600 | x=3.770: 0.400,no information,1.4234240948670518,1.000 -> [x=0.000: 0.600 | x=3.770: 0.400],1.1561267974406257,1.3366291717603176,-1.0221996011617946,1.0448920246153321,0.09488407748878114,0.009002988160897023
30,18.75,19.375,x=2.513: 1.000,no information,0.052560077677754724,1.000 -> [x=2.513: 1.000],-0.2453445089195333,0.06019392805696695,-0.4398467510711359,0.1934651644278338,-0.3670112803697448,0.13469727991863942
30,18.75,19.375,x=1.257: 0.200 | x=5.027: 0.800,no information,0.9858512554488728,1.000 -> [x=1.257: 0.200 | x=5.027: 0.800],-1.2443665492171405,1.5484481088105742,1.1430702196468265,1.3066095270434444,-0.16758397372810818,0.028084388250503252
30,18.75,19.375,x=1.257: 0.400 | x=5.027: 0.600,no information,0.976393848347044,1.000 -> [x=1.257: 0.400 | x=5.027: 0.600],-1.0883152429658969,1.184430068071919,1.1437702531896137,1.308210392081433,0.1706877798376895,0.029134318185919567
30,18.75,19.375,x=1.257: 1.000,no information,0.7777219663138369,1.000 -> [x=1.257: 1.000],-0.6201613242121661,0.3846000680485874,1.1458703538179755,1.3130188677589325,1.1855030405350824,1.4054174591179251
30,18.75,19.375,x=0.000: 0.400 | x=3.770: 0.600,no information,2.2604285491113667,1.000 -> [x=0.000: 0.400 | x=3.770: 0.600],1.109796891159458,1.2316491396271978,-0.8261941876890841,0.6825968357712257,-0.40752011036021313,0.1660726403480003
30,18.75,19.375,x=0.000: 0.600 | x=3.770: 0.400,no information,1.9867795931078451,1.000 -> [x=0.000: 0.600 | x=3.770: 0.400],1.1561267974406257,1.3366291717603176,-1.0221996011617946,1.0448920246153321,0.09488407748878114,0.009002988160897023
31,19.375,20.0,x=2.513: 1.000,no information,0.07461156555763052,1.000 -> [x=2.513: 1.000],-0.2453445089195333,0.06019392805696695,-0.4398467510711359,0.1934651644278338,-0.3670112803697448,0.13469727991863942
31,19.375,20.0,x=1.257: 0.200 | x=5.027: 0.800,full revelation,1.2918258831815275,0.800 -> [x=5.027: 1.000] ; 0.200 -> [x=1.257: 1.000],-1.2443665492171405,1.5484481088105742,1.1430702196468265,1.3066095270434444,-0.16758397372810818,0.028084388250503252
31,19.375,20.0,x=1.257: 0.400 | x=5.027: 0.600,full revelation,1.2095112191228172,0.600 -> [x=5.027: 1.000] ; 0.400 -> [x=1.257: 1.000],-1.0883152429658969,1.184430068071919,1.1437702531896137,1.308210392081433,0.1706877798376895,0.029134318185919567
31,19.375,20.0,x=1.257: 1.000,no information,0.9625672269466858,1.000 -> [x=1.257: 1.000],-0.6201613242121661,0.3846000680485874,1.1458703538179755,1.3130188677589325,1.1855030405350824,1.4054174591179251
31,19.375,20.0,x=0.000: 0.400 | x=3.770: 0.600,no information,2.5172912360974213,1.000 -> [x=0.000: 0.400 | x=3.770: 0.600],1.109796891159458,1.2316491396271978,-0.8261941876890841,0.6825968357712257,-0.40752011036021313,0.1660726403480003
31,19.375,20.0,x=0.000: 0.600 | x=3.770: 0.400,no information,2.25007487226973,1.000 -> [x=0.000: 0.600 | x=3.770: 0.400],1.1561267974406257,1.3366291717603176,-1.0221996011617946,1.0448920246153321,0.09488407748878114,0.009002988160897023
32,20.0,20.625,x=5.027: 1.000,no information,0.8345039759796878,1.000 -> [x=5.027: 1.000],-1.4004178554683842,1.9611701699146682,1.1423701861040392,1.305009642099377,-0.5058557272939058,0.2558900168360464
32,20.0,20.625,x=2.513: 1.000,no information,0.04045656240299036,1.000 -> [x=2.513: 1.000],-0.2453445089195333,0.06019392805696695,-0.4398467510711359,0.1934651644278338,-0.3670112803697448,0.13469727991863942
32,20.0,20.625,x=1.257: 1.000,no information,0.6120616138658548,1.000 -> [x=1.257: 1.000],-0.6201613242121661,0.3846000680485874,1.1458703538179755,1.3130188677589325,1.1855030405350824,1.4054174591179251
32,20.0,20.625,x=0.000: 0.400 | x=3.770: 0.600,no information,2.163663462332141,1.000 -> [x=0.000: 0.400 | x=3.770: 0.600],1.109796891159458,1.2316491396271978,-0.8261941876890841,0.6825968357712257,-0.40752011036021313,0.1660726403480003
32,20.0,20.625,x=0.000: 0.600 | x=3.770: 0.400,no information,1.939873628503257,1.000 -> [x=0.000: 0.600 | x=3.770: 0.400],1.1561267974406257,1.3366291717603176,-1.0221996011617946,1.0448920246153321,0.09488407748878114,0.009002988160897023
33,20.625,21.25,x=5.027: 1.000,no information,0.2150891718001369,1.000 -> [x=5.027: 1.000],-1.4004178554683842,1.9611701699146682,1.1423701861040392,1.305009642099377,-0.5058557272939058,0.2558900168360464
33,20.625,21.25,x=2.513: 1.000,no information,0.02031166744015446,1.000 -> [x=2.513: 1.000],-0.2453445089195333,0.06019392805696695,-0.4398467510711359,0.1934651644278338,-0.3670112803697448,0.13469727991863942
33,20.625,21.25,x=1.257: 1.000,no information,0.2877531246930144,1.000 -> [x=1.257: 1.000],-0.6201613242121661,0.3846000680485874,1.1458703538179755,1.3130188677589325,1.1855030405350824,1.4054174591179251
33,20.625,21.25,x=0.000: 0.400 | x=3.770: 0.600,no information,1.7275961963942112,1.000 -> [x=0.000: 0.400 | x=3.770: 0.600],1.109796891159458,1.2316491396271978,-0.8261941876890841,0.6825968357712257,-0.40752011036021313,0.1660726403480003
33,20.625,21.25,x=0.000: 0.600 | x=3.770: 0.400,no information,1.6356965707542146,1.000 -> [x=0.000: 0.600 | x=3.770: 0.400],1.1561267974406257,1.3366291717603176,-1.0221996011617946,1.0448920246153321,0.09488407748878114,0.009002988160897023
34,21.25,21.875,x=5.027: 1.000,no information,0.17363887365176175,1.000 -> [x=5.027: 1.000],-1.4004178554683842,1.9611701699146682,1.1423701861040392,1.305009642099377,-0.5058557272939058,0.2558900168360464
34,21.25,21.875,x=2.513: 1.000,no information,0.04523104357240242,1.000 -> [x=2.513: 1.000],-0.2453445089195333,0.06019392805696695,-0.4398467510711359,0.1934651644278338,-0.3670112803697448,0.13469727991863942
34,21.25,21.875,x=1.257: 1.000,no information,0.3141072707757624,1.000 -> [x=1.257: 1.000],-0.6201613242121661,0.3846000680485874,1.1458703538179755,1.3130188677589325,1.1855030405350824,1.4054174591179251
34,21.25,21.875,x=0.000: 0.400 | x=3.770: 0.600,no information,1.6421910278042813,1.000 -> [x=0.000: 0.400 | x=3.770: 0.600],1.109796891159458,1.2316491396271978,-0.8261941876890841,0.6825968357712257,-0.40752011036021313,0.1660726403480003
34,21.25,21.875,x=0.000: 0.600 | x=3.770: 0.400,no information,1.7231684980479232,1.000 -> [x=0.000: 0.600 | x=3.770: 0.400],1.1561267974406257,1.3366291717603176,-1.0221996011617946,1.0448920246153321,0.09488407748878114,0.009002988160897023
35,21.875,22.5,x=5.027: 1.000,no information,0.24464662098726578,1.000 -> [x=5.027: 1.000],-1.4004178554683842,1.9611701699146682,1.1423701861040392,1.305009642099377,-0.5058557272939058,0.2558900168360464
35,21.875,22.5,x=2.513: 1.000,no information,0.05642175768585068,1.000 -> [x=2.513: 1.000],-0.2453445089195333,0.06019392805696695,-0.4398467510711359,0.1934651644278338,-0.3670112803697448,0.13469727991863942
35,21.875,22.5,x=1.257: 1.000,no information,0.3393811525391863,1.000 -> [x=1.257: 1.000],-0.6201613242121661,0.3846000680485874,1.1458703538179755,1.3130188677589325,1.1855030405350824,1.4054174591179251
35,21.875,22.5,x=0.000: 0.400 | x=3.770: 0.600,no information,1.6662304935382894,1.000 -> [x=0.000: 0.400 | x=3.770: 0.600],1.109796891159458,1.2316491396271978,-0.8261941876890841,0.6825968357712257,-0.40752011036021313,0.1660726403480003
35,21.875,22.5,x=0.000: 0.600 | x=3.770: 0.400,no information,1.811692799204126,1.000 -> [x=0.000: 0.600 | x=3.770: 0.400],1.1561267974406257,1.3366291717603176,-1.0221996011617946,1.0448920246153321,0.09488407748878114,0.009002988160897023
36,22.5,23.125,x=5.027: 1.000,no information,0.0431223650128999,1.000 -> [x=5.027: 1.000],-1.4004178554683842,1.9611701699146682,1.1423701861040392,1.305009642099377,-0.5058557272939058,0.2558900168360464
36,22.5,23.125,x=2.513: 1.000,no information,0.008382237789828093,1.000 -> [x=2.513: 1.000],-0.2453445089195333,0.06019392805696695,-0.4398467510711359,0.1934651644278338,-0.3670112803697448,0.13469727991863942
36,22.5,23.125,x=1.257: 1.000,no information,0.011211843888954465,1.000 -> [x=1.257: 1.000],-0.6201613242121661,0.3846000680485874,1.1458703538179755,1.3130188677589325,1.1855030405350824,1.4054174591179251
36,22.5,23.125,x=0.000: 0.400 | x=3.770: 0.600,no information,1.5769780990318443,1.000 -> [x=0.000: 0.400 | x=3.770: 0.600],1.109796891159458,1.2316491396271978,-0.8261941876890841,0.6825968357712257,-0.40752011036021313,0.1660726403480003
36,22.5,23.125,x=0.000: 0.600 | x=3.770: 0.400,no information,1.6320804418388146,1.000 -> [x=0.000: 0.600 | x=3.770: 0.400],1.1561267974406257,1.3366291717603176,-1.0221996011617946,1.0448920246153321,0.09488407748878114,0.009002988160897023
37,23.125,23.75,x=5.027: 1.000,no information,0.10572695745521077,1.000 -> [x=5.027: 1.000],-1.4004178554683842,1.9611701699146682,1.1423701861040392,1.305009642099377,-0.5058557272939058,0.2558900168360464
37,23.125,23.75,x=2.513: 1.000,no information,-0.055154620213362426,1.000 -> [x=2.513: 1.000],-0.2453445089195333,0.06019392805696695,-0.4398467510711359,0.1934651644278338,-0.3670112803697448,0.13469727991863942
37,23.125,23.75,x=1.257: 1.000,no information,-0.43413296128446643,1.000 -> [x=1.257: 1.000],-0.6201613242121661,0.3846000680485874,1.1458703538179755,1.3130188677589325,1.1855030405350824,1.4054174591179251
37,23.125,23.75,x=0.000: 0.400 | x=3.770: 0.600,no information,1.6731189417612211,1.000 -> [x=0.000: 0.400 | x=3.770: 0.600],1.109796891159458,1.2316491396271978,-0.8261941876890841,0.6825968357712257,-0.40752011036021313,0.1660726403480003
37,23.125,23.75,x=0.000: 0.600 | x=3.770: 0.400,no information,1.6124273581212112,1.000 -> [x=0.000: 0.600 | x=3.770: 0.400],1.1561267974406257,1.3366291717603176,-1.0221996011617946,1.0448920246153321,0.09488407748878114,0.009002988160897023
38,23.75,24.375,x=5.027: 1.000,no information,0.7124519448981325,1.000 -> [x=5.027: 1.000],-1.4004178554683842,1.9611701699146682,1.1423701861040392,1.305009642099377,-0.5058557272939058,0.2558900168360464
38,23.75,24.375,x=2.513: 1.000,no information,-0.07421064210849226,1.000 -> [x=2.513: 1.000],-0.2453445089195333,0.06019392805696695,-0.4398467510711359,0.1934651644278338,-0.3670112803697448,0.13469727991863942
38,23.75,24.375,x=1.257: 1.000,no information,-0.5772005099131616,1.000 -> [x=1.257: 1.000],-0.6201613242121661,0.3846000680485874,1.1458703538179755,1.3130188677589325,1.1855030405350824,1.4054174591179251
38,23.75,24.375,x=0.000: 0.400 | x=3.770: 0.600,no information,2.087195936336935,1.000 -> [x=0.000: 0.400 | x=3.770: 0.600],1.109796891159458,1.2316491396271978,-0.8261941876890841,0.6825968357712257,-0.40752011036021313,0.1660726403480003
38,23.75,24.375,x=0.000: 0.600 | x=3.770: 0.400,no information,1.9892366427581991,1.000 -> [x=0.000: 0.600 | x=3.770: 0.400],1.1561267974406257,1.3366291717603176,-1.0221996011617946,1.0448920246153321,0.09488407748878114,0.009002988160897023
39,24.375,25.0,x=5.027: 1.000,no information,1.0563509660110437,1.000 -> [x=5.027: 1.000],-1.4004178554683842,1.9611701699146682,1.1423701861040392,1.305009642099377,-0.5058557272939058,0.2558900168360464
39,24.375,25.0,x=2.513: 1.000,no information,-0.05506623747509935,1.000 -> [x=2.513: 1.000],-0.2453445089195333,0.06019392805696695,-0.4398467510711359,0.1934651644278338,-0.3670112803697448,0.13469727991863942
39,24.375,25.0,x=1.257: 1.000,no information,-0.38301822999810764,1.000 -> [x=1.257: 1.000],-0.6201613242121661,0.3846000680485874,1.1458703538179755,1.3130188677589325,1.1855030405350824,1.4054174591179251
39,24.375,25.0,x=0.000: 0.400 | x=3.770: 0.600,no information,2.312154900647342,1.000 -> [x=0.000: 0.400 | x=3.770: 0.600],1.109796891159458,1.2316491396271978,-0.8261941876890841,0.6825968357712257,-0.40752011036021313,0.1660726403480003
39,24.375,25.0,x=0.000: 0.600 | x=3.770: 0.400,no information,2.191057741684216,1.000 -> [x=0.000: 0.600 | x=3.770: 0.400],1.1561267974406257,1.3366291717603176,-1.0221996011617946,1.0448920246153321,0.09488407748878114,0.009002988160897023
40,25.0,25.625,x=5.027: 1.000,no information,0.5352694282787671,1.000 -> [x=5.027: 1.000],-1.4004178554683842,1.9611701699146682,1.1423701861040392,1.305009642099377,-0.5058557272939058,0.2558900168360464
40,25.0,25.625,x=2.513: 1.000,no information,-0.02695799563854738,1.000 -> [x=2.513: 1.000],-0.2453445089195333,0.06019392805696695,-0.4398467510711359,0.1934651644278338,-0.3670112803697448,0.13469727991863942
40,25.0,25.625,x=1.257: 1.000,no information,-0.012644191825174289,1.000 -> [x=1.257: 1.000],-0.6201613242121661,0.3846000680485874,1.1458703538179755,1.3130188677589325,1.1855030405350824,1.4054174591179251
40,25.0,25.625,x=0.000: 0.400 | x=3.770: 0.600,no information,1.9871097851928479,1.000 -> [x=0.000: 0.400 | x=3.770: 0.600],1.109796891159458,1.2316491396271978,-0.8261941876890841,0.6825968357712257,-0.40752011036021313,0.1660726403480003
40,25.0,25.625,x=0.000: 0.600 | x=3.770: 0.400,no information,1.777576053533459,1.000 -> [x=0.000: 0.600 | x=3.770: 0.400],1.1561267974406257,1.3366291717603176,-1.0221996011617946,1.0448920246153321,0.09488407748878114,0.009002988160897023
41,25.625,26.25,x=5.027: 1.000,no information,-0.1555909841261594,1.000 -> [x=5.027: 1.000],-1.4004178554683842,1.9611701699146682,1.1423701861040392,1.305009642099377,-0.5058557272939058,0.2558900168360464
41,25.625,26.25,x=2.513: 1.000,no information,0.022860037204223554,1.000 -> [x=2.513: 1.000],-0.2453445089195333,0.06019392805696695,-0.4398467510711359,0.1934651644278338,-0.3670112803697448,0.13469727991863942
41,25.625,26.25,x=1.257: 1.000,no information,0.5430113367410949,1.000 -> [x=1.257: 1.000],-0.6201613242121661,0.3846000680485874,1.1458703538179755,1.3130188677589325,1.1855030405350824,1.4054174591179251
41,25.625,26.25,x=0.000: 0.400 | x=3.770: 0.600,no information,1.5395577261218114,1.000 -> [x=0.000: 0.400 | x=3.770: 0.600],1.109796891159458,1.2316491396271978,-0.8261941876890841,0.6825968357712257,-0.40752011036021313,0.1660726403480003
41,25.625,26.25,x=0.000: 0.600 | x=3.770: 0.400,no information,1.255460007783177,1.000 -> [x=0.000: 0.600 | x=3.770: 0.400],1.1561267974406257,1.3366291717603176,-1.0221996011617946,1.0448920246153321,0.09488407748878114,0.009002988160897023
42,26.25,26.875,x=5.027: 1.000,no information,-0.16285135967623587,1.000 -> [x=5.027: 1.000],-1.4004178554683842,1.9611701699146682,1.1423701861040392,1.305009642099377,-0.5058557272939058,0.2558900168360464
42,26.25,26.875,x=2.513: 1.000,no information,0.1047110988295816,1.000 -> [x=2.513: 1.000],-0.2453445089195333,0.06019392805696695,-0.4398467510711359,0.1934651644278338,-0.3670112803697448,0.13469727991863942
42,26.25,26.875,x=1.257: 1.000,no information,1.2152257167087925,1.000 -> [x=1.257: 1.000],-0.6201613242121661,0.3846000680485874,1.1458703538179755,1.3130188677589325,1.1855030405350824,1.4054174591179251
42,26.25,26.875,x=0.000: 0.400 | x=3.770: 0.600,no information,1.4883655106051337,1.000 -> [x=0.000: 0.400 | x=3.770: 0.600],1.109796891159458,1.2316491396271978,-0.8261941876890841,0.6825968357712257,-0.40752011036021313,0.1660726403480003
42,26.25,26.875,x=0.000: 0.600 | x=3.770: 0.400,no information,1.2676552297230341,1.000 -> [x=0.000: 0.600 | x=3.770: 0.400],1.1561267974406257,1.3366291717603176,-1.0221996011617946,1.0448920246153321,0.09488407748878114,0.009002988160897023
43,26.875,27.5,x=5.027: 1.000,no information,0.23747849197465554,1.000 -> [x=5.027: 1.000],-1.4004178554683842,1.9611701699146682,1.1423701861040392,1.305009642099377,-0.5058557272939058,0.2558900168360464
43,26.875,27.5,x=2.513: 1.000,no information,0.16368144266448437,1.000 -> [x=2.513: 1.000],-0.2453445089195333,0.06019392805696695,-0.4398467510711359,0.1934651644278338,-0.3670112803697448,0.13469727991863942
43,26.875,27.5,x=1.257: 1.000,no information,1.5556558747315052,1.000 -> [x=1.257: 1.000],-0.6201613242121661,0.3846000680485874,1.1458703538179755,1.3130188677589325,1.1855030405350824,1.4054174591179251
43,26.875,27.5,x=0.000: 0.400 | x=3.770: 0.600,no information,1.6833692029099407,1.000 -> [x=0.000: 0.400 | x=3.770: 0.600],1.109796891159458,1.2316491396271978,-0.8261941876890841,0.6825968357712257,-0.40752011036021313,0.1660726403480003
43,26.875,27.5,x=0.000: 0.600 | x=3.770: 0.400,no information,1.6243076133139145,1.000 -> [x=0.000: 0.600 | x=3.770: 0.400],1.1561267974406257,1.3366291717603176,-1.0221996011617946,1.0448920246153321,0.09488407748878114,0.009002988160897023
44,27.5,28.125,x=5.027: 1.000,no information,0.4137080763923718,1.000 -> [x=5.027: 1.000],-1.4004178554683842,1.9611701699146682,1.1423701861040392,1.305009642099377,-0.5058557272939058,0.2558900168360464
44,27.5,28.125,x=2.513: 1.000,no information,0.13611059770255823,1.000 -> [x=2.513: 1.000],-0.2453445089195333,0.06019392805696695,-0.4398467510711359,0.1934651644278338,-0.3670112803697448,0.13469727991863942
44,27.5,28.125,x=1.257: 1.000,no information,1.1821822761145204,1.000 -> [x=1.257: 1.000],-0.6201613242121661,0.3846000680485874,1.1458703538179755,1.3130188677589325,1.1855030405350824,1.4054174591179251
44,27.5,28.125,x=0.000: 0.400 | x=3.770: 0.600,no information,1.7789263239016253,1.000 -> [x=0.000: 0.400 | x=3.770: 0.600],1.109796891159458,1.2316491396271978,-0.8261941876890841,0.6825968357712257,-0.40752011036021313,0.1660726403480003
44,27.5,28.125,x=0.000: 0.600 | x=3.770: 0.400,no information,1.8214238835666516,1.000 -> [x=0.000: 0.600 | x=3.770: 0.400],1.1561267974406257,1.3366291717603176,-1.0221996011617946,1.0448920246153321,0.09488407748878114,0.009002988160897023
45,28.125,28.75,x=5.027: 1.000,no information,0.515684819607594,1.000 -> [x=5.027: 1.000],-1.4004178554683842,1.9611701699146682,1.1423701861040392,1.305009642099377,-0.5058557272939058,0.2558900168360464
45,28.125,28.75,x=2.513: 1.000,no information,0.04444933215111188,1.000 -> [x=2.513: 1.000],-0.2453445089195333,0.06019392805696695,-0.4398467510711359,0.1934651644278338,-0.3670112803697448,0.13469727991863942
45,28.125,28.75,x=1.257: 1.000,no information,0.36971679082773923,1.000 -> [x=1.257: 1.000],-0.6201613242121661,0.3846000680485874,1.1458703538179755,1.3130188677589325,1.1855030405350824,1.4054174591179251
45,28.125,28.75,x=0.000: 0.400 | x=3.770: 0.600,no information,1.8834064929012553,1.000 -> [x=0.000: 0.400 | x=3.770: 0.600],1.109796891159458,1.2316491396271978,-0.8261941876890841,0.6825968357712257,-0.40752011036021313,0.1660726403480003
45,28.125,28.75,x=0.000: 0.600 | x=3.770: 0.400,no information,1.904383780479015,1.000 -> [x=0.000: 0.600 | x=3.770: 0.400],1.1561267974406257,1.3366291717603176,-1.0221996011617946,1.0448920246153321,0.09488407748878114,0.009002988160897023
46,28.75,29.375,x=5.027: 1.000,no information,0.8489316219797651,1.000 -> [x=5.027: 1.000],-1.4004178554683842,1.9611701699146682,1.1423701861040392,1.305009642099377,-0.5058557272939058,0.2558900168360464
46,28.75,29.375,x=2.513: 1.000,no information,-0.03218076984097365,1.000 -> [x=2.513: 1.000],-0.2453445089195333,0.06019392805696695,-0.4398467510711359,0.1934651644278338,-0.3670112803697448,0.13469727991863942
46,28.75,29.375,x=1.257: 1.000,no information,-0.25439179256842215,1.000 -> [x=1.257: 1.000],-0.6201613242121661,0.3846000680485874,1.1458703538179755,1.3130188677589325,1.1855030405350824,1.4054174591179251
46,28.75,29.375,x=0.000: 0.400 | x=3.770: 0.600,no information,2.147822230375126,1.000 -> [x=0.000: 0.400 | x=3.770: 0.600],1.109796891159458,1.2316491396271978,-0.8261941876890841,0.6825968357712257,-0.40752011036021313,0.1660726403480003
46,28.75,29.375,x=0.000: 0.600 | x=3.770: 0.400,no information,2.099041597710097,1.000 -> [x=0.000: 0.600 | x=3.770: 0.400],1.1561267974406257,1.3366291717603176,-1.0221996011617946,1.0448920246153321,0.09488407748878114,0.009002988160897023
47,29.375,30.0,x=5.027: 1.000,no information,0.9364700827223874,1.000 -> [x=5.027: 1.000],-1.4004178554683842,1.9611701699146682,1.1423701861040392,1.305009642099377,-0.5058557272939058,0.2558900168360464
47,29.375,30.0,x=2.513: 1.000,no information,-0.06663536940671179,1.000 -> [x=2.513: 1.000],-0.2453445089195333,0.06019392805696695,-0.4398467510711359,0.1934651644278338,-0.3670112803697448,0.13469727991863942
47,29.375,30.0,x=1.257: 1.000,no information,-0.5069747245687867,1.000 -> [x=1.257: 1.000],-0.6201613242121661,0.3846000680485874,1.1458703538179755,1.3130188677589325,1.1855030405350824,1.4054174591179251
47,29.375,30.0,x=0.000: 0.400 | x=3.770: 0.600,no information,2.232552202990007,1.000 -> [x=0.000: 0.400 | x=3.770: 0.600],1.109796891159458,1.2316491396271978,-0.8261941876890841,0.6825968357712257,-0.40752011036021313,0.1660726403480003
47,29.375,30.0,x=0.000: 0.600 | x=3.770: 0.400,no information,2.129507053762522,1.000 -> [x=0.000: 0.600 | x=3.770: 0.400],1.1561267974406257,1.3366291717603176,-1.0221996011617946,1.0448920246153321,0.09488407748878114,0.009002988160897023
48,30.0,30.625,x=5.027: 1.000,no information,0.25424359282571896,1.000 -> [x=5.027: 1.000],-1.4004178554683842,1.9611701699146682,1.1423701861040392,1.305009642099377,-0.5058557272939058,0.2558900168360464
48,30.0,30.625,x=2.513: 1.000,no information,-0.09573004230478994,1.000 -> [x=2.513: 1.000],-0.2453445089195333,0.06019392805696695,-0.4398467510711359,0.1934651644278338,-0.3670112803697448,0.13469727991863942
48,30.0,30.625,x=1.257: 1.000,no information,-0.6977841847793768,1.000 -> [x=1.257: 1.000],-0.6201613242121661,0.3846000680485874,1.1458703538179755,1.3130188677589325,1.1855030405350824,1.4054174591179251
48,30.0,30.625,x=0.000: 0.400 | x=3.770: 0.600,no information,1.8111799116594562,1.000 -> [x=0.000: 0.400 | x=3.770: 0.600],1.109796891159458,1.2316491396271978,-0.8261941876890841,0.6825968357712257,-0.40752011036021313,0.1660726403480003
48,30.0,30.625,x=0.000: 0.600 | x=3.770: 0.400,no information,1.6567774668801136,1.000 -> [x=0.000: 0.600 | x=3.770: 0.400],1.1561267974406257,1.3366291717603176,-1.0221996011617946,1.0448920246153321,0.09488407748878114,0.009002988160897023
49,30.625,31.25,x=5.027: 1.000,no information,-0.7065378283528367,1.000 -> [x=5.027: 1.000],-1.4004178554683842,1.9611701699146682,1.1423701861040392,1.305009642099377,-0.5058557272939058,0.2558900168360464
49,30.625,31.25,x=2.513: 1.000,no information,-0.1279761787910207,1.000 -> [x=2.513: 1.000],-0.2453445089195333,0.06019392805696695,-0.4398467510711359,0.1934651644278338,-0.3670112803697448,0.13469727991863942
49,30.625,31.25,x=1.257: 1.000,no information,-0.9163901944071102,1.000 -> [x=1.257: 1.000],-0.6201613242121661,0.3846000680485874,1.1458703538179755,1.3130188677589325,1.1855030405350824,1.4054174591179251
49,30.625,31.25,x=0.000: 0.400 | x=3.770: 0.600,no information,1.2074950240629925,1.000 -> [x=0.000: 0.400 | x=3.770: 0.600],1.109796891159458,1.2316491396271978,-0.8261941876890841,0.6825968357712257,-0.40752011036021313,0.1660726403480003
49,30.625,31.25,x=0.000: 0.600 | x=3.770: 0.400,no information,1.0060026929725716,1.000 -> [x=0.000: 0.600 | x=3.770: 0.400],1.1561267974406257,1.3366291717603176,-1.0221996011617946,1.0448920246153321,0.09488407748878114,0.009002988160897023
50,31.25,31.875,x=5.027: 1.000,no information,-1.0394640139065163,1.000 -> [x=5.027: 1.000],-1.4004178554683842,1.9611701699146682,1.1423701861040392,1.305009642099377,-0.5058557272939058,0.2558900168360464
50,31.25,31.875,x=2.513: 1.000,no information,-0.10957970167553777,1.000 -> [x=2.513: 1.000],-0.2453445089195333,0.06019392805696695,-0.4398467510711359,0.1934651644278338,-0.3670112803697448,0.13469727991863942
50,31.25,31.875,x=1.257: 1.000,no information,-0.755703227918596,1.000 -> [x=1.257: 1.000],-0.6201613242121661,0.3846000680485874,1.1458703538179755,1.3130188677589325,1.1855030405350824,1.4054174591179251
50,31.25,31.875,x=0.000: 0.400 | x=3.770: 0.600,no information,0.979962572983534,1.000 -> [x=0.000: 0.400 | x=3.770: 0.600],1.109796891159458,1.2316491396271978,-0.8261941876890841,0.6825968357712257,-0.40752011036021313,0.1660726403480003
50,31.25,31.875,x=0.000: 0.600 | x=3.770: 0.400,no information,0.7905033237400982,1.000 -> [x=0.000: 0.600 | x=3.770: 0.400],1.1561267974406257,1.3366291717603176,-1.0221996011617946,1.0448920246153321,0.09488407748878114,0.009002988160897023
51,31.875,32.5,x=5.027: 1.000,no information,-0.5965818879488926,1.000 -> [x=5.027: 1.000],-1.4004178554683842,1.9611701699146682,1.1423701861040392,1.305009642099377,-0.5058557272939058,0.2558900168360464
51,31.875,32.5,x=2.513: 1.000,no information,-0.0059950050413713485,1.000 -> [x=2.513: 1.000],-0.2453445089195333,0.06019392805696695,-0.4398467510711359,0.1934651644278338,-0.3670112803697448,0.13469727991863942
51,31.875,32.5,x=1.257: 1.000,no information,0.07816414042257724,1.000 -> [x=1.257: 1.000],-0.6201613242121661,0.3846000680485874,1.1458703538179755,1.3130188677589325,1.1855030405350824,1.4054174591179251
51,31.875,32.5,x=0.000: 0.400 | x=3.770: 0.600,no information,1.2090379806409266,1.000 -> [x=0.000: 0.400 | x=3.770: 0.600],1.109796891159458,1.2316491396271978,-0.8261941876890841,0.6825968357712257,-0.40752011036021313,0.1660726403480003
51,31.875,32.5,x=0.000: 0.600 | x=3.770: 0.400,no information,1.1060190298854717,1.000 -> [x=0.000: 0.600 | x=3.770: 0.400],1.1561267974406257,1.3366291717603176,-1.0221996011617946,1.0448920246153321,0.09488407748878114,0.009002988160897023
52,32.5,33.125,x=5.027: 1.000,no information,0.1567572936757755,1.000 -> [x=5.027: 1.000],-1.4004178554683842,1.9611701699146682,1.1423701861040392,1.305009642099377,-0.5058557272939058,0.2558900168360464
52,32.5,33.125,x=2.513: 1.000,no information,0.1295903507713985,1.000 -> [x=2.513: 1.000],-0.2453445089195333,0.06019392805696695,-0.4398467510711359,0.1934651644278338,-0.3670112803697448,0.13469727991863942
52,32.5,33.125,x=1.257: 1.000,no information,1.2021472813295093,1.000 -> [x=1.257: 1.000],-0.6201613242121661,0.3846000680485874,1.1458703538179755,1.3130188677589325,1.1855030405350824,1.4054174591179251
52,32.5,33.125,x=0.000: 0.400 | x=3.770: 0.600,no information,1.6313590713926143,1.000 -> [x=0.000: 0.400 | x=3.770: 0.600],1.109796891159458,1.2316491396271978,-0.8261941876890841,0.6825968357712257,-0.40752011036021313,0.1660726403480003
52,32.5,33.125,x=0.000: 0.600 | x=3.770: 0.400,no information,1.6104595173949798,1.000 -> [x=0.000: 0.600 | x=3.770: 0.400],1.1561267974406257,1.3366291717603176,-1.0221996011617946,1.0448920246153321,0.09488407748878114,0.009002988160897023
53,33.125,33.75,x=5.027: 1.000,no information,0.8956901041334415,1.000 -> [x=5.027: 1.000],-1.4004178554683842,1.9611701699146682,1.1423701861040392,1.305009642099377,-0.5058557272939058,0.2558900168360464
53,33.125,33.75,x=2.513: 1.000,no information,0.20183706598582934,1.000 -> [x=2.513: 1.000],-0.2453445089195333,0.06019392805696695,-0.4398467510711359,0.1934651644278338,-0.3670112803697448,0.13469727991863942
53,33.125,33.75,x=1.257: 1.000,no information,1.851014918337058,1.000 -> [x=1.257: 1.000],-0.6201613242121661,0.3846000680485874,1.1458703538179755,1.3130188677589325,1.1855030405350824,1.4054174591179251
53,33.125,33.75,x=0.000: 0.400 | x=3.770: 0.600,full revelation,2.0912019136815037,0.600 -> [x=3.770: 1.000] ; 0.400 -> [x=0.000: 1.000],1.109796891159458,1.2316491396271978,-0.8261941876890841,0.6825968357712257,-0.40752011036021313,0.1660726403480003
53,33.125,33.75,x=0.000: 0.600 | x=3.770: 0.400,full revelation,2.065099956451479,0.400 -> [x=3.770: 1.000] ; 0.600 -> [x=0.000: 1.000],1.1561267974406257,1.3366291717603176,-1.0221996011617946,1.0448920246153321,0.09488407748878114,0.009002988160897023
54,33.75,34.375,x=5.027: 1.000,no information,1.3651689040018447,1.000 -> [x=5.027: 1.000],-1.4004178554683842,1.9611701699146682,1.1423701861040392,1.305009642099377,-0.5058557272939058,0.2558900168360464
54,33.75,34.375,x=3.770: 1.000,no information,2.613561023197405,1.000 -> [x=3.770: 1.000],1.0171370785971223,1.0345678366570885,-0.43418336074366337,0.18851519074666212,-1.4123284860582017,1.9946717525314521
54,33.75,34.375,x=2.513: 1.000,no information,0.1671179753753852,1.000 -> [x=2.513: 1.000],-0.2453445089195333,0.06019392805696695,-0.4398467510711359,0.1934651644278338,-0.3670112803697448,0.13469727991863942
54,33.75,34.375,x=1.257: 1.000,no information,1.6177653071673501,1.000 -> [x=1.257: 1.000],-0.6201613242121661,0.3846000680485874,1.1458703538179755,1.3130188677589325,1.1855030405350824,1.4054174591179251
54,33.75,34.375,x=0.000: 1.000,no information,2.0838183952457943,1.000 -> [x=0.000: 1.000],1.2487866100029614,1.5594679973226886,-1.4142104281072154,1.9999911349671935,1.0996924531867698,1.2093234915959359
55,34.375,35.0,x=5.027: 1.000,no information,1.1401606179680286,1.000 -> [x=5.027: 1.000],-1.4004178554683842,1.9611701699146682,1.1423701861040392,1.305009642099377,-0.5058557272939058,0.2558900168360464
55,34.375,35.0,x=3.770: 1.000,no information,2.1446437075062112,1.000 -> [x=3.770: 1.000],1.0171370785971223,1.0345678366570885,-0.43418336074366337,0.18851519074666212,-1.4123284860582017,1.9946717525314521
55,34.375,35.0,x=2.513: 1.000,no information,0.06123989987931379,1.000 -> [x=2.513: 1.000],-0.2453445089195333,0.06019392805696695,-0.4398467510711359,0.1934651644278338,-0.3670112803697448,0.13469727991863942
55,34.375,35.0,x=1.257: 1.000,no information,0.7492405075779831,1.000 -> [x=1.257: 1.000],-0.6201613242121661,0.3846000680485874,1.1458703538179755,1.3130188677589325,1.1855030405350824,1.4054174591179251
55,34.375,35.0,x=0.000: 1.000,no information,1.221872119430591,1.000 -> [x=0.000: 1.000],1.2487866100029614,1.5594679973226886,-1.4142104281072154,1.9999911349671935,1.0996924531867698,1.2093234915959359
56,35.0,35.625,x=5.027: 1.000,no information,0.1596008335506579,1.000 -> [x=5.027: 1.000],-1.4004178554683842,1.9611701699146682,1.1423701861040392,1.305009642099377,-0.5058557272939058,0.2558900168360464
56,35.0,35.625,x=3.770: 1.000,no information,0.968816793572855,1.000 -> [x=3.770: 1.000],1.0171370785971223,1.0345678366570885,-0.43418336074366337,0.18851519074666212,-1.4123284860582017,1.9946717525314521
56,35.0,35.625,x=2.513: 1.000,no information,-0.050507683617656104,1.000 -> [x=2.513: 1.000],-0.2453445089195333,0.06019392805696695,-0.4398467510711359,0.1934651644278338,-0.3670112803697448,0.13469727991863942
56,35.0,35.625,x=1.257: 1.000,no information,-0.20143107989657938,1.000 -> [x=1.257: 1.000],-0.6201613242121661,0.3846000680485874,1.1458703538179755,1.3130188677589325,1.1855030405350824,1.4054174591179251
56,35.0,35.625,x=0.000: 1.000,no information,-0.1555183147591066,1.000 -> [x=0.000: 1.000],1.2487866100029614,1.5594679973226886,-1.4142104281072154,1.9999911349671935,1.0996924531867698,1.2093234915959359
57,35.625,36.25,x=5.027: 1.000,no information,-0.9335883232106753,1.000 -> [x=5.027: 1.000],-1.4004178554683842,1.9611701699146682,1.1423701861040392,1.305009642099377,-0.5058557272939058,0.2558900168360464
57,35.625,36.25,x=3.770: 1.000,no information,-0.1027404258787955,1.000 -> [x=3.770: 1.000],1.0171370785971223,1.0345678366570885,-0.43418336074366337,0.18851519074666212,-1.4123284860582017,1.9946717525314521
57,35.625,36.25,x=2.513: 1.000,no information,-0.12628691030871092,1.000 -> [x=2.513: 1.000],-0.2453445089195333,0.06019392805696695,-0.4398467510711359,0.1934651644278338,-0.3670112803697448,0.13469727991863942
57,35.625,36.25,x=1.257: 1.000,no information,-0.8406744102257993,1.000 -> [x=1.257: 1.000],-0.6201613242121661,0.3846000680485874,1.1458703538179755,1.3130188677589325,1.1855030405350824,1.4054174591179251
57,35.625,36.25,x=0.000: 1.000,no information,-1.3481506993832522,1.000 -> [x=0.000: 1.000],1.2487866100029614,1.5594679973226886,-1.4142104281072154,1.9999911349671935,1.0996924531867698,1.2093234915959359
58,36.25,36.875,x=5.027: 1.000,no information,-1.4807767361277062,1.000 -> [x=5.027: 1.000],-1.4004178554683842,1.9611701699146682,1.1423701861040392,1.305009642099377,-0.5058557272939058,0.2558900168360464
58,36.25,36.875,x=3.770: 1.000,no information,-0.5512068053774714,1.000 -> [x=3.770: 1.000],1.0171370785971223,1.0345678366570885,-0.43418336074366337,0.18851519074666212,-1.4123284860582017,1.9946717525314521
58,36.25,36.875,x=2.513: 1.000,no information,-0.15283168457865648,1.000 -> [x=2.513: 1.000],-0.2453445089195333,0.06019392805696695,-0.4398467510711359,0.1934651644278338,-0.3670112803697448,0.13469727991863942
58,36.25,36.875,x=1.257: 1.000,no information,-1.0557242661922102,1.000 -> [x=1.257: 1.000],-0.6201613242121661,0.3846000680485874,1.1458703538179755,1.3130188677589325,1.1855030405350824,1.4054174591179251
58,36.25,36.875,x=0.000: 1.000,no information,-1.862135114754315,1.000 -> [x=0.000: 1.000],1.2487866100029614,1.5594679973226886,-1.4142104281072154,1.9999911349671935,1.0996924531867698,1.2093234915959359
59,36.875,37.5,x=5.027: 1.000,no information,-1.384780853980097,1.000 -> [x=5.027: 1.000],-1.4004178554683842,1.9611701699146682,1.1423701861040392,1.305009642099377,-0.5058557272939058,0.2558900168360464
59,36.875,37.5,x=3.770: 1.000,no information,-0.5796902213626693,1.000 -> [x=3.770: 1.000],1.0171370785971223,1.0345678366570885,-0.43418336074366337,0.18851519074666212,-1.4123284860582017,1.9946717525314521
59,36.875,37.5,x=2.513: 1.000,no information,-0.12539421704383336,1.000 -> [x=2.513: 1.000],-0.2453445089195333,0.06019392805696695,-0.4398467510711359,0.1934651644278338,-0.3670112803697448,0.13469727991863942
59,36.875,37.5,x=1.257: 1.000,no information,-0.8679949018970599,1.000 -> [x=1.257: 1.000],-0.6201613242121661,0.3846000680485874,1.1458703538179755,1.3130188677589325,1.1855030405350824,1.4054174591179251
59,36.875,37.5,x=0.000: 1.000,no information,-1.632115871590778,1.000 -> [x=0.000: 1.000],1.2487866100029614,1.5594679973226886,-1.4142104281072154,1.9999911349671935,1.0996924531867698,1.2093234915959359
60,37.5,38.125,x=5.027: 1.000,no information,-0.7531078071638823,1.000 -> [x=5.027: 1.000],-1.4004178554683842,1.9611701699146682,1.1423701861040392,1.305009642099377,-0.5058557272939058,0.2558900168360464
60,37.5,38.125,x=3.770: 1.000,no information,-0.4765658532324519,1.000 -> [x=3.770: 1.000],1.0171370785971223,1.0345678366570885,-0.43418336074366337,0.18851519074666212,-1.4123284860582017,1.9946717525314521
60,37.5,38.125,x=2.513: 1.000,no information,-0.049513429934251965,1.000 -> [x=2.513: 1.000],-0.2453445089195333,0.06019392805696695,-0.4398467510711359,0.1934651644278338,-0.3670112803697448,0.13469727991863942
60,37.5,38.125,x=1.257: 1.000,no information,-0.3645872677214981,1.000 -> [x=1.257: 1.000],-0.6201613242121661,0.3846000680485874,1.1458703538179755,1.3130188677589325,1.1855030405350824,1.4054174591179251
60,37.5,38.125,x=0.000: 1.000,no information,-0.7797244213380418,1.000 -> [x=0.000: 1.000],1.2487866100029614,1.5594679973226886,-1.4142104281072154,1.9999911349671935,1.0996924531867698,1.2093234915959359
61,38.125,38.75,x=5.027: 1.000,no information,0.30939624333833426,1.000 -> [x=5.027: 1.000],-1.4004178554683842,1.9611701699146682,1.1423701861040392,1.305009642099377,-0.5058557272939058,0.2558900168360464
61,38.125,38.75,x=3.770: 1.000,no information,-0.08930302317518457,1.000 -> [x=3.770: 1.000],1.0171370785971223,1.0345678366570885,-0.43418336074366337,0.18851519074666212,-1.4123284860582017,1.9946717525314521
61,38.125,38.75,x=2.513: 1.000,no information,0.039225145413471316,1.000 -> [x=2.513: 1.000],-0.2453445089195333,0.06019392805696695,-0.4398467510711359,0.1934651644278338,-0.3670112803697448,0.13469727991863942
61,38.125,38.75,x=1.257: 1.000,no information,0.2325760041466356,1.000 -> [x=1.257: 1.000],-0.6201613242121661,0.3846000680485874,1.1458703538179755,1.3130188677589325,1.1855030405350824,1.4054174591179251
61,38.125,38.75,x=0.000: 1.000,no information,0.41810690782966986,1.000 -> [x=0.000: 1.000],1.2487866100029614,1.5594679973226886,-1.4142104281072154,1.9999911349671935,1.0996924531867698,1.2093234915959359
62,38.75,39.375,x=5.027: 1.000,no information,1.2452041589798855,1.000 -> [x=5.027: 1.000],-1.4004178554683842,1.9611701699146682,1.1423701861040392,1.305009642099377,-0.5058557272939058,0.2558900168360464
62,38.75,39.375,x=3.770: 1.000,no information,0.7212377107180412,1.000 -> [x=3.770: 1.000],1.0171370785971223,1.0345678366570885,-0.43418336074366337,0.18851519074666212,-1.4123284860582017,1.9946717525314521
62,38.75,39.375,x=2.513: 1.000,no information,0.08802663952886738,1.000 -> [x=2.513: 1.000],-0.2453445089195333,0.06019392805696695,-0.4398467510711359,0.1934651644278338,-0.3670112803697448,0.13469727991863942
62,38.75,39.375,x=1.257: 1.000,no information,0.6353867009062725,1.000 -> [x=1.257: 1.000],-0.6201613242121661,0.3846000680485874,1.1458703538179755,1.3130188677589325,1.1855030405350824,1.4054174591179251
62,38.75,39.375,x=0.000: 1.000,no information,1.3235380215737174,1.000 -> [x=0.000: 1.000],1.2487866100029614,1.5594679973226886,-1.4142104281072154,1.9999911349671935,1.0996924531867698,1.2093234915959359
63,39.375,40.0,x=5.027: 1.000,no information,1.2222935776484878,1.000 -> [x=5.027: 1.000],-1.4004178554683842,1.9611701699146682,1.1423701861040392,1.305009642099377,-0.5058557272939058,0.2558900168360464
63,39.375,40.0,x=3.770: 1.000,no information,1.5855224258628957,1.000 -> [x=3.770: 1.000],1.0171370785971223,1.0345678366570885,-0.43418336074366337,0.18851519074666212,-1.4123284860582017,1.9946717525314521
63,39.375,40.0,x=2.513: 1.000,no information,0.07745510148782789,1.000 -> [x=2.513: 1.000],-0.2453445089195333,0.06019392805696695,-0.4398467510711359,0.1934651644278338,-0.3670112803697448,0.13469727991863942
63,39.375,40.0,x=1.257: 1.000,no information,0.7416169649095771,1.000 -> [x=1.257: 1.000],-0.6201613242121661,0.3846000680485874,1.1458703538179755,1.3130188677589325,1.1855030405350824,1.4054174591179251
63,39.375,40.0,x=0.000: 1.000,no information,1.321493124798363,1.000 -> [x=0.000: 1.000],1.2487866100029614,1.5594679973226886,-1.4142104281072154,1.9999911349671935,1.0996924531867698,1.2093234915959359
64,40.0,40.625,x=5.027: 1.000,no information,0.19305076705674573,1.000 -> [x=5.027: 1.000],-1.4004178554683842,1.9611701699146682,1.1423701861040392,1.305009642099377,-0.5058557272939058,0.2558900168360464
64,40.0,40.625,x=3.770: 1.000,no information,1.989858838451189,1.000 -> [x=3.770: 1.000],1.0171370785971223,1.0345678366570885,-0.43418336074366337,0.18851519074666212,-1.4123284860582017,1.9946717525314521
64,40.0,40.625,x=2.513: 1.000,no information,0.03783320136578098,1.000 -> [x=2.513: 1.000],-0.2453445089195333,0.06019392805696695,-0.4398467510711359,0.1934651644278338,-0.3670112803697448,0.13469727991863942
64,40.0,40.625,x=1.257: 1.000,no information,0.6794357907801984,1.000 -> [x=1.257: 1.000],-0.6201613242121661,0.3846000680485874,1.1458703538179755,1.3130188677589325,1.1855030405350824,1.4054174591179251
64,40.0,40.625,x=0.000: 1.000,no information,0.5378747442753118,1.000 -> [x=0.000: 1.000],1.2487866100029614,1.5594679973226886,-1.4142104281072154,1.9999911349671935,1.0996924531867698,1.2093234915959359
65,40.625,41.25,x=5.027: 1.000,no information,-0.9590728685897426,1.000 -> [x=5.027: 1.000],-1.4004178554683842,1.9611701699146682,1.1423701861040392,1.305009642099377,-0.5058557272939058,0.2558900168360464
65,40.625,41.25,x=3.770: 1.000,no information,1.7975130063297342,1.000 -> [x=3.770: 1.000],1.0171370785971223,1.0345678366570885,-0.43418336074366337,0.18851519074666212,-1.4123284860582017,1.9946717525314521
65,40.625,41.25,x=2.513: 1.000,no information,-0.0019123156450563186,1.000 -> [x=2.513: 1.000],-0.2453445089195333,0.06019392805696695,-0.4398467510711359,0.1934651644278338,-0.3670112803697448,0.13469727991863942
65,40.625,41.25,x=1.257: 1.000,no information,0.5082138590451517,1.000 -> [x=1.257: 1.000],-0.6201613242121661,0.3846000680485874,1.1458703538179755,1.3130188677589325,1.1855030405350824,1.4054174591179251
65,40.625,41.25,x=0.000: 1.000,no information,-0.36866014718716755,1.000 -> [x=0.000: 1.000],1.2487866100029614,1.5594679973226886,-1.4142104281072154,1.9999911349671935,1.0996924531867698,1.2093234915959359
66,41.25,41.875,x=5.027: 1.000,no information,-1.5963007443449029,1.000 -> [x=5.027: 1.000],-1.4004178554683842,1.9611701699146682,1.1423701861040392,1.305009642099377,-0.5058557272939058,0.2558900168360464
66,41.25,41.875,x=3.770: 1.000,no information,1.1572954778884776,1.000 -> [x=3.770: 1.000],1.0171370785971223,1.0345678366570885,-0.43418336074366337,0.18851519074666212,-1.4123284860582017,1.9946717525314521
66,41.25,41.875,x=2.513: 1.000,no information,-0.04974618604433509,1.000 -> [x=2.513: 1.000],-0.2453445089195333,0.06019392805696695,-0.4398467510711359,0.1934651644278338,-0.3670112803697448,0.13469727991863942
66,41.25,41.875,x=1.257: 1.000,no information,0.10453509530998617,1.000 -> [x=1.257: 1.000],-0.6201613242121661,0.3846000680485874,1.1458703538179755,1.3130188677589325,1.1855030405350824,1.4054174591179251
66,41.25,41.875,x=0.000: 1.000,no information,-1.0893680887122699,1.000 -> [x=0.000: 1.000],1.2487866100029614,1.5594679973226886,-1.4142104281072154,1.9999911349671935,1.0996924531867698,1.2093234915959359
67,41.875,42.5,x=5.027: 1.000,no information,-1.7993756453839906,1.000 -> [x=5.027: 1.000],-1.4004178554683842,1.9611701699146682,1.1423701861040392,1.305009642099377,-0.5058557272939058,0.2558900168360464
67,41.875,42.5,x=3.770: 1.000,no information,0.3109368069934269,1.000 -> [x=3.770: 1.000],1.0171370785971223,1.0345678366570885,-0.43418336074366337,0.18851519074666212,-1.4123284860582017,1.9946717525314521
67,41.875,42.5,x=2.513: 1.000,no information,-0.10404080144673322,1.000 -> [x=2.513: 1.000],-0.2453445089195333,0.06019392805696695,-0.4398467510711359,0.1934651644278338,-0.3670112803697448,0.13469727991863942
67,41.875,42.5,x=1.257: 1.000,no information,-0.4561181784462689,1.000 -> [x=1.257: 1.000],-0.6201613242121661,0.3846000680485874,1.1458703538179755,1.3130188677589325,1.1855030405350824,1.4054174591179251
67,41.875,42.5,x=0.000: 1.000,no information,-1.6351674684919824,1.000 -> [x=0.000: 1.000],1.2487866100029614,1.5594679973226886,-1.4142104281072154,1.9999911349671935,1.0996924531867698,1.2093234915959359
68,42.5,43.125,x=5.027: 1.000,no information,-1.5235659293426682,1.000 -> [x=5.027: 1.000],-1.4004178554683842,1.9611701699146682,1.1423701861040392,1.305009642099377,-0.5058557272939058,0.2558900168360464
68,42.5,43.125,x=3.770: 1.000,no information,-0.29620426158056606,1.000 -> [x=3.770: 1.000],1.0171370785971223,1.0345678366570885,-0.43418336074366337,0.18851519074666212,-1.4123284860582017,1.9946717525314521
68,42.5,43.125,x=2.513: 1.000,no information,-0.11258724450631231,1.000 -> [x=2.513: 1.000],-0.2453445089195333,0.06019392805696695,-0.4398467510711359,0.1934651644278338,-0.3670112803697448,0.13469727991863942
68,42.5,43.125,x=1.257: 1.000,no information,-0.6903235924197002,1.000 -> [x=1.257: 1.000],-0.6201613242121661,0.3846000680485874,1.1458703538179755,1.3130188677589325,1.1855030405350824,1.4054174591179251
68,42.5,43.125,x=0.000: 1.000,no information,-1.5972905822778773,1.000 -> [x=0.000: 1.000],1.2487866100029614,1.5594679973226886,-1.4142104281072154,1.9999911349671935,1.0996924531867698,1.2093234915959359
69,43.125,43.75,x=5.027: 1.000,no information,-0.46365284986791466,1.000 -> [x=5.027: 1.000],-1.4004178554683842,1.9611701699146682,1.1423701861040392,1.305009642099377,-0.5058557272939058,0.2558900168360464
69,43.125,43.75,x=3.770: 1.000,no information,-0.2384449712631836,1.000 -> [x=3.770: 1.000],1.0171370785971223,1.0345678366570885,-0.43418336074366337,0.18851519074666212,-1.4123284860582017,1.9946717525314521
69,43.125,43.75,x=2.513: 1.000,no information,-0.039606646385659416,1.000 -> [x=2.513: 1.000],-0.2453445089195333,0.06019392805696695,-0.4398467510711359,0.1934651644278338,-0.3670112803697448,0.13469727991863942
69,43.125,43.75,x=1.257: 1.000,no information,-0.28198640014248777,1.000 -> [x=1.257: 1.000],-0.6201613242121661,0.3846000680485874,1.1458703538179755,1.3130188677589325,1.1855030405350824,1.4054174591179251
69,43.125,43.75,x=0.000: 1.000,no information,-0.534935251244204,1.000 -> [x=0.000: 1.000],1.2487866100029614,1.5594679973226886,-1.4142104281072154,1.9999911349671935,1.0996924531867698,1.2093234915959359
70,43.75,44.375,x=5.027: 1.000,no information,0.8624076621892289,1.000 -> [x=5.027: 1.000],-1.4004178554683842,1.9611701699146682,1.1423701861040392,1.305009642099377,-0.5058557272939058,0.2558900168360464
70,43.75,44.375,x=3.770: 1.000,no information,0.2592140783832225,1.000 -> [x=3.770: 1.000],1.0171370785971223,1.0345678366570885,-0.43418336074366337,0.18851519074666212,-1.4123284860582017,1.9946717525314521
70,43.75,44.375,x=2.513: 1.000,no information,0.049691877272815085,1.000 -> [x=2.513: 1.000],-0.2453445089195333,0.06019392805696695,-0.4398467510711359,0.1934651644278338,-0.3670112803697448,0.13469727991863942
70,43.75,44.375,x=1.257: 1.000,no information,0.3037235487587253,1.000 -> [x=1.257: 1.000],-0.6201613242121661,0.3846000680485874,1.1458703538179755,1.3130188677589325,1.1855030405350824,1.4054174591179251
70,43.75,44.375,x=0.000: 1.000,no information,0.8203228509343812,1.000 -> [x=0.000: 1.000],1.2487866100029614,1.5594679973226886,-1.4142104281072154,1.9999911349671935,1.0996924531867698,1.2093234915959359
71,44.375,45.0,x=5.027: 1.000,no information,1.141841419980705,1.000 -> [x=5.027: 1.000],-1.4004178554683842,1.9611701699146682,1.1423701861040392,1.305009642099377,-0.5058557272939058,0.2558900168360464
71,44.375,45.0,x=3.770: 1.000,no information,0.4216365987681414,1.000 -> [x=3.770: 1.000],1.0171370785971223,1.0345678366570885,-0.43418336074366337,0.18851519074666212,-1.4123284860582017,1.9946717525314521
71,44.375,45.0,x=2.513: 1.000,no information,0.0479869532957516,1.000 -> [x=2.513: 1.000],-0.2453445089195333,0.06019392805696695,-0.4398467510711359,0.1934651644278338,-0.3670112803697448,0.13469727991863942
71,44.375,45.0,x=1.257: 1.000,no information,0.28376185716331714,1.000 -> [x=1.257: 1.000],-0.6201613242121661,0.3846000680485874,1.1458703538179755,1.3130188677589325,1.1855030405350824,1.4054174591179251
71,44.375,45.0,x=0.000: 1.000,no information,0.976318833375097,1.000 -> [x=0.000: 1.000],1.2487866100029614,1.5594679973226886,-1.4142104281072154,1.9999911349671935,1.0996924531867698,1.2093234915959359
72,45.0,45.625,x=5.027: 1.000,no information,-0.013397510104875554,1.000 -> [x=5.027: 1.000],-1.4004178554683842,1.9611701699146682,1.1423701861040392,1.305009642099377,-0.5058557272939058,0.2558900168360464
72,45.0,45.625,x=3.770: 1.000,no information,-0.03284800188403658,1.000 -> [x=3.770: 1.000],1.0171370785971223,1.0345678366570885,-0.43418336074366337,0.18851519074666212,-1.4123284860582017,1.9946717525314521
72,45.0,45.625,x=2.513: 1.000,no information,-0.05096856875084549,1.000 -> [x=2.513: 1.000],-0.2453445089195333,0.06019392805696695,-0.4398467510711359,0.1934651644278338,-0.3670112803697448,0.13469727991863942
72,45.0,45.625,x=1.257: 1.000,no information,-0.3913351240608376,1.000 -> [x=1.257: 1.000],-0.6201613242121661,0.3846000680485874,1.1458703538179755,1.3130188677589325,1.1855030405350824,1.4054174591179251
72,45.0,45.625,x=0.000: 1.000,no information,-0.345399588828571,1.000 -> [x=0.000: 1.000],1.2487866100029614,1.5594679973226886,-1.4142104281072154,1.9999911349671935,1.0996924531867698,1.2093234915959359
73,45.625,46.25,x=5.027: 1.000,no information,-1.453261064489351,1.000 -> [x=5.027: 1.000],-1.4004178554683842,1.9611701699146682,1.1423701861040392,1.305009642099377,-0.5058557272939058,0.2558900168360464
73,45.625,46.25,x=3.770: 1.000,no information,-0.4552627961787093,1.000 -> [x=3.770: 1.000],1.0171370785971223,1.0345678366570885,-0.43418336074366337,0.18851519074666212,-1.4123284860582017,1.9946717525314521
73,45.625,46.25,x=2.513: 1.000,no information,-0.14179424354406583,1.000 -> [x=2.513: 1.000],-0.2453445089195333,0.06019392805696695,-0.4398467510711359,0.1934651644278338,-0.3670112803697448,0.13469727991863942
73,45.625,46.25,x=1.257: 1.000,no information,-0.9558222250417101,1.000 -> [x=1.257: 1.000],-0.6201613242121661,0.3846000680485874,1.1458703538179755,1.3130188677589325,1.1855030405350824,1.4054174591179251
73,45.625,46.25,x=0.000: 1.000,no information,-1.7657170944185205,1.000 -> [x=0.000: 1.000],1.2487866100029614,1.5594679973226886,-1.4142104281072154,1.9999911349671935,1.0996924531867698,1.2093234915959359
74,46.25,46.875,x=5.027: 1.000,no information,-2.1269260549242794,1.000 -> [x=5.027: 1.000],-1.4004178554683842,1.9611701699146682,1.1423701861040392,1.305009642099377,-0.5058557272939058,0.2558900168360464
74,46.25,46.875,x=3.770: 1.000,no information,-0.19090341598248062,1.000 -> [x=3.770: 1.000],1.0171370785971223,1.0345678366570885,-0.43418336074366337,0.18851519074666212,-1.4123284860582017,1.9946717525314521
74,46.25,46.875,x=2.513: 1.000,no information,-0.14916611954151568,1.000 -> [x=2.513: 1.000],-0.2453445089195333,0.06019392805696695,-0.4398467510711359,0.1934651644278338,-0.3670112803697448,0.13469727991863942
74,46.25,46.875,x=1.257: 1.000,no information,-0.8558760077836743,1.000 -> [x=1.257: 1.000],-0.6201613242121661,0.3846000680485874,1.1458703538179755,1.3130188677589325,1.1855030405350824,1.4054174591179251
74,46.25,46.875,x=0.000: 1.000,no information,-2.1566180112417896,1.000 -> [x=0.000: 1.000],1.2487866100029614,1.5594679973226886,-1.4142104281072154,1.9999911349671935,1.0996924531867698,1.2093234915959359
75,46.875,47.5,x=5.027: 1.000,no information,-2.1919034851186527,1.000 -> [x=5.027: 1.000],-1.4004178554683842,1.9611701699146682,1.1423701861040392,1.305009642099377,-0.5058557272939058,0.2558900168360464
75,46.875,47.5,x=3.770: 1.000,no information,0.5766457908888566,1.000 -> [x=3.770: 1.000],1.0171370785971223,1.0345678366570885,-0.43418336074366337,0.18851519074666212,-1.4123284860582017,1.9946717525314521
75,46.875,47.5,x=2.513: 1.000,no information,-0.10331092481134832,1.000 -> [x=2.513: 1.000],-0.2453445089195333,0.06019392805696695,-0.4398467510711359,0.1934651644278338,-0.3670112803697448,0.13469727991863942
75,46.875,47.5,x=1.257: 1.000,no information,-0.336146267873478,1.000 -> [x=1.257: 1.000],-0.6201613242121661,0.3846000680485874,1.1458703538179755,1.3130188677589325,1.1855030405350824,1.4054174591179251
75,46.875,47.5,x=0.000: 1.000,no information,-1.8195720948312806,1.000 -> [x=0.000: 1.000],1.2487866100029614,1.5594679973226886,-1.4142104281072154,1.9999911349671935,1.0996924531867698,1.2093234915959359
76,47.5,48.125,x=5.027: 1.000,no information,-1.9661994545784256,1.000 -> [x=5.027: 1.000],-1.4004178554683842,1.9611701699146682,1.1423701861040392,1.305009642099377,-0.5058557272939058,0.2558900168360464
76,47.5,48.125,x=3.770: 1.000,no information,1.2459187262476934,1.000 -> [x=3.770: 1.000],1.0171370785971223,1.0345678366570885,-0.43418336074366337,0.18851519074666212,-1.4123284860582017,1.9946717525314521
76,47.5,48.125,x=2.513: 1.000,no information,-0.05494561633992861,1.000 -> [x=2.513: 1.000],-0.2453445089195333,0.06019392805696695,-0.4398467510711359,0.1934651644278338,-0.3670112803697448,0.13469727991863942
76,47.5,48.125,x=1.257: 1.000,no information,0.13871583988334357,1.000 -> [x=1.257: 1.000],-0.6201613242121661,0.3846000680485874,1.1458703538179755,1.3130188677589325,1.1855030405350824,1.4054174591179251
76,47.5,48.125,x=0.000: 1.000,no information,-1.3168045835124373,1.000 -> [x=0.000: 1.000],1.2487866100029614,1.5594679973226886,-1.4142104281072154,1.9999911349671935,1.0996924531867698,1.2093234915959359
77,48.125,48.75,x=5.027: 1.000,no information,-1.1266670977326896,1.000 -> [x=5.027: 1.000],-1.4004178554683842,1.9611701699146682,1.1423701861040392,1.305009642099377,-0.5058557272939058,0.2558900168360464
77,48.125,48.75,x=3.770: 1.000,no information,1.5352241932055624,1.000 -> [x=3.770: 1.000],1.0171370785971223,1.0345678366570885,-0.43418336074366337,0.18851519074666212,-1.4123284860582017,1.9946717525314521
77,48.125,48.75,x=2.513: 1.000,no information,-0.0007243460689347753,1.000 -> [x=2.513: 1.000],-0.2453445089195333,0.06019392805696695,-0.4398467510711359,0.1934651644278338,-0.3670112803697448,0.13469727991863942
77,48.125,48.75,x=1.257: 1.000,no information,0.4865358769744059,1.000 -> [x=1.257: 1.000],-0.6201613242121661,0.3846000680485874,1.1458703538179755,1.3130188677589325,1.1855030405350824,1.4054174591179251
77,48.125,48.75,x=0.000: 1.000,no information,-0.47638100416102724,1.000 -> [x=0.000: 1.000],1.2487866100029614,1.5594679973226886,-1.4142104281072154,1.9999911349671935,1.0996924531867698,1.2093234915959359
78,48.75,49.375,x=5.027: 1.000,no information,0.21072583660514632,1.000 -> [x=5.027: 1.000],-1.4004178554683842,1.9611701699146682,1.1423701861040392,1.305009642099377,-0.5058557272939058,0.2558900168360464
78,48.75,49.375,x=3.770: 1.000,no information,1.4221857078811229,1.000 -> [x=3.770: 1.000],1.0171370785971223,1.0345678366570885,-0.43418336074366337,0.18851519074666212,-1.4123284860582017,1.9946717525314521
78,48.75,49.375,x=2.513: 1.000,no information,0.06088254720778517,1.000 -> [x=2.513: 1.000],-0.2453445089195333,0.06019392805696695,-0.4398467510711359,0.1934651644278338,-0.3670112803697448,0.13469727991863942
78,48.75,49.375,x=1.257: 1.000,no information,0.7313631529825725,1.000 -> [x=1.257: 1.000],-0.6201613242121661,0.3846000680485874,1.1458703538179755,1.3130188677589325,1.1855030405350824,1.4054174591179251
78,48.75,49.375,x=0.000: 1.000,no information,0.6465276736740522,1.000 -> [x=0.000: 1.000],1.2487866100029614,1.5594679973226886,-1.4142104281072154,1.9999911349671935,1.0996924531867698,1.2093234915959359
79,49.375,50.0,x=5.027: 1.000,no information,0.8504901346701992,1.000 -> [x=5.027: 1.000],-1.4004178554683842,1.9611701699146682,1.1423701861040392,1.305009642099377,-0.5058557272939058,0.2558900168360464
79,49.375,50.0,x=3.770: 1.000,no information,0.8611091530920023,1.000 -> [x=3.770: 1.000],1.0171370785971223,1.0345678366570885,-0.43418336074366337,0.18851519074666212,-1.4123284860582017,1.9946717525314521
79,49.375,50.0,x=2.513: 1.000,no information,0.07515713677011418,1.000 -> [x=2.513: 1.000],-0.2453445089195333,0.06019392805696695,-0.4398467510711359,0.1934651644278338,-0.3670112803697448,0.13469727991863942
79,49.375,50.0,x=1.257: 1.000,no information,0.625952450564265,1.000 -> [x=1.257: 1.000],-0.6201613242121661,0.3846000680485874,1.1458703538179755,1.3130188677589325,1.1855030405350824,1.4054174591179251
79,49.375,50.0,x=0.000: 1.000,no information,1.0369034913247956,1.000 -> [x=0.000: 1.000],1.2487866100029614,1.5594679973226886,-1.4142104281072154,1.9999911349671935,1.0996924531867698,1.2093234915959359
